team_code,wins,losses,ot_losses,ot_wins,shootout_wins,shootout_losses,row,points,penalty_minutes,streak,goals_for,goals_against,goals_diff,percentage,overall_rank,games_played,rank,past_10,name,prefixTeam,season,league,seasonName,seasonStartYear,seasonEndYear,teamId,teamName,teamLogo,scraped_at
Mon,4,0,0,2,1,0,3,8,38,4-0-0-0,18,14,4,1.000,1,4,1,4-0-0-0,"Moncton, Wildcats",,214,qmjhl,2026-27 | Regular Season,2026,2027,1,"Moncton, Wildcats",https://assets.leaguestat.com/lhjmq/logos/1.png,2026-10-01T16:58:29.529399+00:00
Rim,3,0,1,0,0,0,3,7,40,3-0-1-0,26,11,15,0.875,2,4,2,3-0-1-0,"Rimouski, Océanic",,214,qmjhl,2026-27 | Regular Season,2026,2027,18,"Rimouski, Océanic",https://assets.leaguestat.com/lhjmq/logos/18_214.png,2026-10-01T16:58:29.529399+00:00
Que,3,1,0,1,0,0,3,6,61,3-0-0-0,18,13,5,0.750,6,4,3,3-1-0-0,"Québec, Remparts",,214,qmjhl,2026-27 | Regular Season,2026,2027,9,"Québec, Remparts",https://assets.leaguestat.com/lhjmq/logos/9.png,2026-10-01T16:58:29.529399+00:00
Cha,2,1,2,0,1,0,1,6,72,2-0-2-0,19,18,1,0.600,8,5,4,2-1-2-0,"Charlottetown, Islanders",,214,qmjhl,2026-27 | Regular Season,2026,2027,7,"Charlottetown, Islanders",https://assets.leaguestat.com/lhjmq/logos/7.png,2026-10-01T16:58:29.529399+00:00
NFL,2,1,1,0,0,0,2,5,68,2-0-1-0,15,10,5,0.625,9,4,5,2-1-1-0,"Newfoundland, Regiment",,214,qmjhl,2026-27 | Regular Season,2026,2027,2,"Newfoundland, Regiment",https://assets.leaguestat.com/lhjmq/logos/2_214.png,2026-10-01T16:58:29.529399+00:00
Hal,2,1,1,1,1,0,1,5,46,0-1-0-0,14,19,-5,0.625,11,4,6,2-1-1-0,"Halifax, Mooseheads",,214,qmjhl,2026-27 | Regular Season,2026,2027,5,"Halifax, Mooseheads",https://assets.leaguestat.com/lhjmq/logos/5_214.png,2026-10-01T16:58:29.529399+00:00
Chi,2,2,0,0,0,0,2,4,34,2-0-0-0,15,13,2,0.500,12,4,7,2-2-0-0,"Chicoutimi, Saguenéens",,214,qmjhl,2026-27 | Regular Season,2026,2027,10,"Chicoutimi, Saguenéens",https://assets.leaguestat.com/lhjmq/logos/10.png,2026-10-01T16:58:29.529399+00:00
SNB,1,1,1,0,0,1,1,4,62,0-1-1-1,13,15,-2,0.500,14,4,8,1-1-1-1,"Saint John, Sea Dogs",,214,qmjhl,2026-27 | Regular Season,2026,2027,8,"Saint John, Sea Dogs",https://assets.leaguestat.com/lhjmq/logos/50x50/8_214.png,2026-10-01T16:58:29.529399+00:00
Cap,1,1,0,1,0,2,1,4,63,1-0-0-0,13,17,-4,0.500,15,4,9,1-1-0-2,"Cape Breton, Eagles",,214,qmjhl,2026-27 | Regular Season,2026,2027,3,"Cape Breton, Eagles",https://assets.leaguestat.com/lhjmq/logos/3.png,2026-10-01T16:58:29.529399+00:00
BaC,0,4,0,0,0,0,0,0,34,0-4-0-0,7,20,-13,0.000,18,4,10,0-4-0-0,"Baie-Comeau, Drakkar",,214,qmjhl,2026-27 | Regular Season,2026,2027,16,"Baie-Comeau, Drakkar",https://assets.leaguestat.com/lhjmq/logos/16.png,2026-10-01T16:58:29.529399+00:00
She,3,0,1,0,0,0,3,7,60,3-0-1-0,18,9,9,0.875,3,4,1,3-0-1-0,"Sherbrooke, Phœnix",,214,qmjhl,2026-27 | Regular Season,2026,2027,60,"Sherbrooke, Phœnix",https://assets.leaguestat.com/lhjmq/logos/50x50/60.png,2026-10-01T16:58:29.529399+00:00
VdO,3,0,1,0,0,0,3,7,45,3-0-1-0,16,9,7,0.875,4,4,2,3-0-1-0,"Val-d'Or, Foreurs",,214,qmjhl,2026-27 | Regular Season,2026,2027,15,"Val-d'Or, Foreurs",https://assets.leaguestat.com/lhjmq/logos/15.png,2026-10-01T16:58:29.529399+00:00
Rou,3,1,0,1,0,0,3,6,49,2-0-0-0,13,7,6,0.750,5,4,3,3-1-0-0,"Rouyn-Noranda, Huskies",,214,qmjhl,2026-27 | Regular Season,2026,2027,11,"Rouyn-Noranda, Huskies",https://assets.leaguestat.com/lhjmq/logos/50x50/11.png,2026-10-01T16:58:29.529399+00:00
Vic,3,2,0,1,0,0,3,6,75,2-0-0-0,25,28,-3,0.600,7,5,4,3-2-0-0,"Victoriaville, Tigres",,214,qmjhl,2026-27 | Regular Season,2026,2027,17,"Victoriaville, Tigres",https://assets.leaguestat.com/lhjmq/logos/17.png,2026-10-01T16:58:29.529399+00:00
Gat,2,1,1,0,0,0,2,5,60,0-1-1-0,16,13,3,0.625,10,4,5,2-1-1-0,"Gatineau, Olympiques",,214,qmjhl,2026-27 | Regular Season,2026,2027,12,"Gatineau, Olympiques",https://assets.leaguestat.com/lhjmq/logos/50x50/12.png,2026-10-01T16:58:29.529399+00:00
BLB,2,2,0,2,0,0,2,4,71,2-0-0-0,11,13,-2,0.500,13,4,6,2-2-0-0,"Blainville-Boisbriand, Armada",,214,qmjhl,2026-27 | Regular Season,2026,2027,19,"Blainville-Boisbriand, Armada",https://assets.leaguestat.com/lhjmq/logos/19.png,2026-10-01T16:58:29.529399+00:00
Sha,1,3,0,0,0,0,1,2,60,0-3-0-0,11,27,-16,0.250,16,4,7,1-3-0-0,"Shawinigan, Cataractes",,214,qmjhl,2026-27 | Regular Season,2026,2027,13,"Shawinigan, Cataractes",https://assets.leaguestat.com/lhjmq/logos/13.png,2026-10-01T16:58:29.529399+00:00
Dru,0,4,0,0,0,0,0,0,36,0-4-0-0,12,24,-12,0.000,17,4,8,0-4-0-0,"Drummondville, Voltigeurs",,214,qmjhl,2026-27 | Regular Season,2026,2027,14,"Drummondville, Voltigeurs",https://assets.leaguestat.com/lhjmq/logos/50x50/14.png,2026-10-01T16:58:29.529399+00:00
