game_id,game_date,home_code,away_code,period,time,event,team_code,scorer,assist1,assist2,is_pp,is_sh,is_en,is_gw,score_home,score_away,penalized_player,offence,minutes
33006,2026-09-26,Rim,Sha,1,1:02,goal,,Max Brien,Mathys Dubé,Benjamin Rioux,False,False,False,False,1,0,,,0
33006,2026-09-26,Rim,Sha,1,1:21,goal,,Max Brien,Rafaël Cloutier,Jérémy Turcot,False,False,False,False,2,0,,,0
33006,2026-09-26,Rim,Sha,1,4:46,goal,,Malik Bourque-Vigneault,Thomas Belzil,Benjamin Rioux,False,False,False,True,3,0,,,0
33006,2026-09-26,Rim,Sha,1,6:11,goal,,Rafaël Cloutier,,,False,False,False,False,4,0,,,0
33006,2026-09-26,Rim,Sha,1,2:23,penalty,,,,,False,False,False,False,4,0,Justin Beaulieu,Delaying the game,2
33006,2026-09-26,Rim,Sha,1,6:11,penalty,,,,,False,False,False,False,4,0,Chad Lygitsakos,Hooking,0
33006,2026-09-26,Rim,Sha,1,16:58,penalty,,,,,False,False,False,False,4,0,Chad Lygitsakos,High sticking,2
33006,2026-09-26,Rim,Sha,2,3:31,goal,,Noah Collette,,,False,False,False,False,4,1,,,0
33006,2026-09-26,Rim,Sha,2,3:43,goal,,Zack Arsenault,Mathys Dubé,Malik Bourque-Vigneault,False,False,False,False,5,1,,,0
33006,2026-09-26,Rim,Sha,2,5:14,goal,,Thomas Belzil,Caiden Pellegrino,Matyas Cutta,False,False,False,False,6,1,,,0
33006,2026-09-26,Rim,Sha,2,6:04,goal,,Mathys Dubé,Maxmilian Mares,Benjamin Rioux,False,False,False,False,7,1,,,0
33006,2026-09-26,Rim,Sha,2,6:36,goal,,Thomas Belzil,Caiden Pellegrino,Justin Beaulieu,True,False,False,False,8,1,,,0
33006,2026-09-26,Rim,Sha,2,10:07,goal,,Jérémy Turcot,Rafaël Cloutier,Max Brien,False,False,False,False,9,1,,,0
33006,2026-09-26,Rim,Sha,2,13:12,goal,,Maxwell Branton,Chad Lygitsakos,Jonathan Prud'homme,False,False,False,False,9,2,,,0
33006,2026-09-26,Rim,Sha,2,15:00,goal,,Caiden Pellegrino,Thomas Belzil,Malik Bourque-Vigneault,False,False,False,False,10,2,,,0
33006,2026-09-26,Rim,Sha,2,1:11,penalty,,,,,False,False,False,False,10,2,Kody Dupuis,Hooking,2
33006,2026-09-26,Rim,Sha,2,6:24,penalty,,,,,False,False,False,False,10,2,Noah Collette,Tripping,2
33006,2026-09-26,Rim,Sha,2,15:14,penalty,,,,,False,False,False,False,10,2,Connor Sturgeon,Roughing,2
33006,2026-09-26,Rim,Sha,3,1:13,goal,,Zack Arsenault,Mathys Dubé,Rafaël Cloutier,False,False,False,False,11,2,,,0
33006,2026-09-26,Rim,Sha,3,7:10,goal,,Justin Gagnon,,,False,False,False,False,12,2,,,0
33006,2026-09-26,Rim,Sha,3,13:00,goal,,Rafaël Cloutier,Jérémy Turcot,Max Brien,False,False,False,False,13,2,,,0
33006,2026-09-26,Rim,Sha,3,3:27,penalty,,,,,False,False,False,False,13,2,Malik Bourque-Vigneault,Holding,2
33006,2026-09-26,Rim,Sha,3,5:35,penalty,,,,,False,False,False,False,13,2,Maxwell Branton,Roughing,2
33006,2026-09-26,Rim,Sha,3,5:35,penalty,,,,,False,False,False,False,13,2,Chad Lygitsakos,Roughing,2
33006,2026-09-26,Rim,Sha,3,5:35,penalty,,,,,False,False,False,False,13,2,Julien Nadeau,Roughing,2
33006,2026-09-26,Rim,Sha,3,6:48,penalty,,,,,False,False,False,False,13,2,Benjamin Rioux,Interference,2
33006,2026-09-26,Rim,Sha,3,12:36,penalty,,,,,False,False,False,False,13,2,Justin Beaulieu,Roughing,2
33006,2026-09-26,Rim,Sha,3,12:36,penalty,,,,,False,False,False,False,13,2,Frédéric Bergeron,Roughing,2
33006,2026-09-26,Rim,Sha,3,15:42,penalty,,,,,False,False,False,False,13,2,Dylan Laframboise,Roughing,2
33006,2026-09-26,Rim,Sha,3,15:42,penalty,,,,,False,False,False,False,13,2,Thomas Belzil,Roughing,2
33006,2026-09-26,Rim,Sha,3,16:21,penalty,,,,,False,False,False,False,13,2,Simon Chartier,Slashing,2
33006,2026-09-26,Rim,Sha,3,19:32,penalty,,,,,False,False,False,False,13,2,Jonathan Prud'homme,Cross-checking,2
33167,2026-09-26,VdO,Dru,1,14:56,goal,,Charles-Antoine Thériault,Gabriel Provencher,Evan Sercerchi,False,False,False,False,1,0,,,0
33167,2026-09-26,VdO,Dru,1,0:59,penalty,,,,,False,False,False,False,1,0,Dylan Dumont,Hooking,2
33167,2026-09-26,VdO,Dru,1,11:08,penalty,,,,,False,False,False,False,1,0,Josef Holejšovský,Holding,2
33167,2026-09-26,VdO,Dru,1,11:13,penalty,,,,,False,False,False,False,1,0,Renaud Poulin,Interference,2
33167,2026-09-26,VdO,Dru,1,12:11,penalty,,,,,False,False,False,False,1,0,Nathan Brisson,Hooking,2
33167,2026-09-26,VdO,Dru,2,0:57,goal,,Benjamin Olivier,Josef Holejšovský,Noah McKinnon,False,False,False,True,2,0,,,0
33167,2026-09-26,VdO,Dru,2,6:01,goal,,Jayden Rousseau,Renaud Poulin,,False,False,False,False,2,1,,,0
33167,2026-09-26,VdO,Dru,2,17:50,goal,,Maxime Sauthier,Anthony Paré,Benjamin Olivier,False,False,False,False,3,1,,,0
33167,2026-09-26,VdO,Dru,2,19:49,goal,,Noah McKinnon,Philippe Veilleux,Benjamin Olivier,True,False,False,False,4,1,,,0
33167,2026-09-26,VdO,Dru,2,19:31,penalty,,,,,False,False,False,False,4,1,Filip Kovalcik,Participating in the play after loosing his helmet or visor,2
33167,2026-09-26,VdO,Dru,3,2:04,goal,,Nolann Héroux,Philippe Veilleux,,False,False,False,False,5,1,,,0
33167,2026-09-26,VdO,Dru,3,6:48,penalty,,,,,False,False,False,False,5,1,Cooper Campbell,Hooking,2
33167,2026-09-26,VdO,Dru,3,8:31,penalty,,,,,False,False,False,False,5,1,Benjamin Cossette Ayotte,Tripping,2
33167,2026-09-26,VdO,Dru,3,10:08,penalty,,,,,False,False,False,False,5,1,Maxime-Olivier Drolet,Roughing,2
33167,2026-09-26,VdO,Dru,3,10:08,penalty,,,,,False,False,False,False,5,1,Jacob Gouchie,Roughing,2
33167,2026-09-26,VdO,Dru,3,13:29,penalty,,,,,False,False,False,False,5,1,Eliott Belzil,Boarding,2
32943,2026-09-26,NFL,Hal,1,3:30,goal,,Alexis Michaud,Benjamin Veitch,,False,False,False,True,1,0,,,0
32943,2026-09-26,NFL,Hal,1,5:13,goal,,Tyson Goguen,Alexis Mathieu,,False,False,False,False,2,0,,,0
32943,2026-09-26,NFL,Hal,1,9:43,goal,,Matthew Frost,Will Reynolds,Ryan Dwyer,False,False,False,False,3,0,,,0
32943,2026-09-26,NFL,Hal,1,16:25,goal,,Alexis Michaud,Benjamin Veitch,Benjamin Girard,False,False,False,False,4,0,,,0
32943,2026-09-26,NFL,Hal,2,2:43,goal,,Matthew Frost,Dmitry Kubantsev,,False,False,False,False,5,0,,,0
32943,2026-09-26,NFL,Hal,2,4:31,penalty,,,,,False,False,False,False,5,0,Tyson Goguen,Roughing,2
32943,2026-09-26,NFL,Hal,2,10:46,penalty,,,,,False,False,False,False,5,0,Luke Sinclair,Holding,2
32943,2026-09-26,NFL,Hal,2,12:22,penalty,,,,,False,False,False,False,5,0,Alexis Mathieu,Roughing,2
32943,2026-09-26,NFL,Hal,2,12:22,penalty,,,,,False,False,False,False,5,0,Daniel Walters,Roughing,2
32943,2026-09-26,NFL,Hal,2,12:22,penalty,,,,,False,False,False,False,5,0,Daniel Walters,Roughing,2
32943,2026-09-26,NFL,Hal,2,16:01,penalty,,,,,False,False,False,False,5,0,Kingsley Austin,Tripping,2
32943,2026-09-26,NFL,Hal,2,18:02,penalty,,,,,False,False,False,False,5,0,Alexis Mathieu,Boarding,2
32943,2026-09-26,NFL,Hal,3,4:34,goal,,Benjamin Veitch,Louis-François Bélanger,Alexis Michaud,False,False,False,False,6,0,,,0
32943,2026-09-26,NFL,Hal,3,9:18,penalty,,,,,False,False,False,False,6,0,Daniel Walters,Unsportmanlike conduct,0
32943,2026-09-26,NFL,Hal,3,9:18,penalty,,,,,False,False,False,False,6,0,Daniel Walters,Checking to the head,2
32943,2026-09-26,NFL,Hal,3,11:07,penalty,,,,,False,False,False,False,6,0,Paul Sintschnig,Hooking,2
32781,2026-09-27,Chi,BaC,1,6:18,goal,,Christophe Berthelot,Daniel Berehowsky,Ryan Hecker,False,False,False,True,1,0,,,0
32781,2026-09-27,Chi,BaC,1,10:45,goal,,Louis-Félix Gagnon,Damir Aptikashev,Nathan Lecompte,False,False,False,False,2,0,,,0
32781,2026-09-27,Chi,BaC,1,18:13,penalty,,,,,False,False,False,False,2,0,Candon O'Neill,Tripping,2
32781,2026-09-27,Chi,BaC,2,7:20,goal,,Daniel Berehowsky,William Dubé,Mathis Dufour,True,False,False,False,3,0,,,0
32781,2026-09-27,Chi,BaC,2,15:16,goal,,Andrew Mohesky,William Dubé,Nathan Lecompte,True,False,False,False,4,0,,,0
32781,2026-09-27,Chi,BaC,2,18:35,goal,,Joshua Phillips,Christophe Berthelot,Brayden Kaldenbach,False,False,False,False,5,0,,,0
32781,2026-09-27,Chi,BaC,2,6:18,penalty,,,,,False,False,False,False,5,0,Liam Armit,Interference,2
32781,2026-09-27,Chi,BaC,2,8:06,penalty,,,,,False,False,False,False,5,0,Robin Benoit,High sticking,2
32781,2026-09-27,Chi,BaC,2,11:39,penalty,,,,,False,False,False,False,5,0,Nick Evans,Delaying the game,2
32781,2026-09-27,Chi,BaC,2,14:21,penalty,,,,,False,False,False,False,5,0,Robin Benoit,Cross-checking,2
32781,2026-09-27,Chi,BaC,2,14:21,penalty,,,,,False,False,False,False,5,0,Darcy Terglav,Roughing,2
32781,2026-09-27,Chi,BaC,2,14:21,penalty,,,,,False,False,False,False,5,0,Dominic Pilote,Roughing,2
32781,2026-09-27,Chi,BaC,3,16:06,goal,,Darcy Terglav,Daniel Berehowsky,Damir Aptikashev,True,False,False,False,6,0,,,0
32781,2026-09-27,Chi,BaC,3,9:02,penalty,,,,,False,False,False,False,6,0,Tobias Tilley,Boarding,2
32781,2026-09-27,Chi,BaC,3,15:38,penalty,,,,,False,False,False,False,6,0,Jonathan Oschgan,High sticking,2
33202,2026-09-27,Vic,Gat,1,1:17,goal,,Simon-Xavier Cyr,,,False,True,False,False,0,1,,,0
33202,2026-09-27,Vic,Gat,1,0:11,penalty,,,,,False,False,False,False,0,1,Gabriel Séguin,Roughing,2
33202,2026-09-27,Vic,Gat,1,6:00,penalty,,,,,False,False,False,False,0,1,Jakob Royer,Holding,2
33202,2026-09-27,Vic,Gat,1,6:26,penalty,,,,,False,False,False,False,0,1,Ryan White,Tripping,2
33202,2026-09-27,Vic,Gat,1,18:23,penalty,,,,,False,False,False,False,0,1,Louis-Félix Guay,Tripping,2
33202,2026-09-27,Vic,Gat,2,2:41,goal,,Thomas Desruisseaux,Mathéo Lepage,,False,True,False,False,1,1,,,0
33202,2026-09-27,Vic,Gat,2,5:46,goal,,Alexey Vlasov,Egor Shilov,Thomas Desruisseaux,True,False,False,False,2,1,,,0
33202,2026-09-27,Vic,Gat,2,11:56,goal,,Louis-Félix Guay,Maxime Dodier,Deryk Lemaire,False,False,False,False,3,1,,,0
33202,2026-09-27,Vic,Gat,2,13:45,goal,,Egor Shilov,Xavier Lebel,Nathan Nadeau,False,False,False,False,4,1,,,0
33202,2026-09-27,Vic,Gat,2,19:22,goal,,Thomas Desruisseaux,Egor Shilov,Xavier Lebel,False,False,False,False,5,1,,,0
33202,2026-09-27,Vic,Gat,2,1:47,penalty,,,,,False,False,False,False,5,1,Cohen Paquet,Tripping,2
33202,2026-09-27,Vic,Gat,2,4:25,penalty,,,,,False,False,False,False,5,1,Charles Pigeon,Holding,2
33202,2026-09-27,Vic,Gat,2,5:16,penalty,,,,,False,False,False,False,5,1,Finn Barton,Roughing,2
33202,2026-09-27,Vic,Gat,2,5:16,penalty,,,,,False,False,False,False,5,1,Loïk Gariépy,Roughing,2
33202,2026-09-27,Vic,Gat,2,8:05,penalty,,,,,False,False,False,False,5,1,Gabriel Séguin,Holding,2
33202,2026-09-27,Vic,Gat,3,2:03,goal,,Maxim Dubé,Noah Florent,Finn Barton,False,False,False,False,5,2,,,0
33202,2026-09-27,Vic,Gat,3,5:13,goal,,Alex Dagenais,Peter Legostaev,Artem Glukhikh,False,False,False,False,5,3,,,0
33202,2026-09-27,Vic,Gat,3,5:26,goal,,Charles Pigeon,Louis-Étienne Halley,,False,False,False,False,5,4,,,0
33202,2026-09-27,Vic,Gat,3,16:52,goal,,Egor Shilov,,,False,False,False,True,6,4,,,0
33202,2026-09-27,Vic,Gat,3,17:57,goal,,Xavier Lebel,,,False,False,True,False,7,4,,,0
33202,2026-09-27,Vic,Gat,3,19:59,goal,,Gabriel Séguin,Simon-Xavier Cyr,,True,False,False,False,7,5,,,0
33202,2026-09-27,Vic,Gat,3,2:39,penalty,,,,,False,False,False,False,7,5,Charles Pigeon,Hooking,2
33202,2026-09-27,Vic,Gat,3,9:48,penalty,,,,,False,False,False,False,7,5,Simon-Xavier Cyr,High sticking,2
33202,2026-09-27,Vic,Gat,3,19:19,penalty,,,,,False,False,False,False,7,5,Mathieu Perron,Roughing,2
32782,2026-10-01,Chi,Cha,1,4:47,penalty,,,,,False,False,False,False,0,0,Darcy Terglav,Tripping,2
32782,2026-10-01,Chi,Cha,1,4:53,penalty,,,,,False,False,False,False,0,0,Kimani Eccleston,High sticking,2
32782,2026-10-01,Chi,Cha,1,9:54,penalty,,,,,False,False,False,False,0,0,Brayden Kaldenbach,Roughing,2
32782,2026-10-01,Chi,Cha,1,9:54,penalty,,,,,False,False,False,False,0,0,William Shields,Roughing,2
32782,2026-10-01,Chi,Cha,1,9:54,penalty,,,,,False,False,False,False,0,0,Kimani Eccleston,Interference,2
32782,2026-10-01,Chi,Cha,1,9:54,penalty,,,,,False,False,False,False,0,0,Brayden Kaldenbach,Unsportmanlike conduct,0
32782,2026-10-01,Chi,Cha,1,13:52,penalty,,,,,False,False,False,False,0,0,Mathis Dufour,Holding,2
32782,2026-10-01,Chi,Cha,1,16:33,penalty,,,,,False,False,False,False,0,0,Cameron Holyoke,Holding,2
32782,2026-10-01,Chi,Cha,1,16:33,penalty,,,,,False,False,False,False,0,0,Louis-Félix Gagnon,Roughing,2
32782,2026-10-01,Chi,Cha,2,4:34,goal,,William Dubé,,,False,False,False,False,1,0,,,0
32782,2026-10-01,Chi,Cha,2,5:51,goal,,Aslan Tremblay,Kage Flory,Antoine Boudreau,True,False,False,False,1,1,,,0
32782,2026-10-01,Chi,Cha,2,8:48,goal,,Owen Conrad,Kimani Eccleston,William Shields,False,False,False,False,1,2,,,0
32782,2026-10-01,Chi,Cha,2,18:11,goal,,Aslan Tremblay,Oleksii Kryvonos,Owen Conrad,False,False,False,False,1,3,,,0
32782,2026-10-01,Chi,Cha,2,0:14,penalty,,,,,False,False,False,False,1,3,Andrew Mohesky,Roughing,2
32782,2026-10-01,Chi,Cha,2,4:34,penalty,,,,,False,False,False,False,1,3,Andrew Mohesky,Roughing,2
32782,2026-10-01,Chi,Cha,2,13:33,penalty,,,,,False,False,False,False,1,3,Hudson Armstrong,Slashing,2
32782,2026-10-01,Chi,Cha,3,2:14,goal,,Rowan Walsh,Nathan Frost,Jude Herron,False,False,False,False,1,4,,,0
32782,2026-10-01,Chi,Cha,3,16:12,goal,,Loïc Poirier,Nathan Lecompte,Darcy Terglav,False,False,False,False,2,4,,,0
32782,2026-10-01,Chi,Cha,3,18:13,goal,,Aslan Tremblay,Owen Conrad,Seth Ronan,False,False,True,True,2,5,,,0
32782,2026-10-01,Chi,Cha,3,19:49,goal,,Daniel Berehowsky,Kasen Walsh,,False,False,False,False,3,5,,,0
32782,2026-10-01,Chi,Cha,3,19:55,goal,,Daniel Berehowsky,Damir Aptikashev,Darcy Terglav,False,False,False,False,4,5,,,0
32782,2026-10-01,Chi,Cha,3,3:23,penalty,,,,,False,False,False,False,4,5,Cameron Haye,Roughing,2
32782,2026-10-01,Chi,Cha,3,3:23,penalty,,,,,False,False,False,False,4,5,Daniel Berehowsky,Roughing,2
32782,2026-10-01,Chi,Cha,3,6:39,penalty,,,,,False,False,False,False,4,5,Artyom Mate,Tripping,2
32782,2026-10-01,Chi,Cha,3,19:23,penalty,,,,,False,False,False,False,4,5,Tobias Tilley,Fighting,5
32782,2026-10-01,Chi,Cha,3,19:23,penalty,,,,,False,False,False,False,4,5,Cameron Haye,Fighting,5
32782,2026-10-01,Chi,Cha,3,19:23,penalty,,,,,False,False,False,False,4,5,Tobias Tilley,"Instigator (last 5 minutes of the game, with a two goals difference or more, or during the OT)",0
32782,2026-10-01,Chi,Cha,3,19:23,penalty,,,,,False,False,False,False,4,5,Cameron Haye,"Fighting ( with 5 minutes or less to play, when score is a two goals difference or more",0
33136,2026-10-01,She,Rim,1,2:31,goal,,Caiden Pellegrino,Alex Massé,Thomas Belzil,False,False,False,False,0,1,,,0
33136,2026-10-01,She,Rim,1,8:32,goal,,Julien Nadeau,Maxmilian Mares,Mathys Dubé,False,False,False,False,0,2,,,0
33136,2026-10-01,She,Rim,1,13:27,goal,,Emrick Nolette-Robidoux,Chad Bellemare,Florent Houle,True,False,False,False,1,2,,,0
33136,2026-10-01,She,Rim,1,14:13,goal,,Emrick Nolette-Robidoux,Florent Houle,Chad Bellemare,True,False,False,False,2,2,,,0
33136,2026-10-01,She,Rim,1,15:04,goal,,Thomas Belzil,Caiden Pellegrino,William Phin Howard,False,False,False,False,2,3,,,0
33136,2026-10-01,She,Rim,1,17:12,goal,,Ilya Kolmakov,Ilya Kuzminykh,Louis-Alex Tremblay,False,False,False,False,3,3,,,0
33136,2026-10-01,She,Rim,1,18:47,goal,,Samuel Rochon,Louis-Alex Tremblay,,False,False,False,False,4,3,,,0
33136,2026-10-01,She,Rim,1,2:39,penalty,,,,,False,False,False,False,4,3,Connor Sturgeon,High sticking,2
33136,2026-10-01,She,Rim,1,11:40,penalty,,,,,False,False,False,False,4,3,Rafaël Cloutier,Roughing,2
33136,2026-10-01,She,Rim,1,12:17,penalty,,,,,False,False,False,False,4,3,Benjamin Rioux,Hooking,2
33136,2026-10-01,She,Rim,2,8:48,penalty,,,,,False,False,False,False,4,3,Louis-Alex Tremblay,Roughing,2
33136,2026-10-01,She,Rim,2,8:48,penalty,,,,,False,False,False,False,4,3,Thomas Belzil,Roughing,2
33136,2026-10-01,She,Rim,2,8:48,penalty,,,,,False,False,False,False,4,3,Olivier Lampron,Elbowing,2
33136,2026-10-01,She,Rim,2,9:41,penalty,,,,,False,False,False,False,4,3,Justin Beaulieu,Interference,2
33136,2026-10-01,She,Rim,2,19:09,penalty,,,,,False,False,False,False,4,3,Jayden Plouffe,Roughing,2
33136,2026-10-01,She,Rim,2,19:09,penalty,,,,,False,False,False,False,4,3,Max Brien,Roughing,2
33136,2026-10-01,She,Rim,2,19:09,penalty,,,,,False,False,False,False,4,3,Jayden Plouffe,Roughing,2
33136,2026-10-01,She,Rim,2,19:42,penalty,,,,,False,False,False,False,4,3,Sydney Gagnon,Roughing,2
33136,2026-10-01,She,Rim,2,19:42,penalty,,,,,False,False,False,False,4,3,Thomas Belzil,Roughing,2
33136,2026-10-01,She,Rim,3,2:07,goal,,Ilya Kuzminykh,Daniyar Aibatov,,False,False,False,True,5,3,,,0
33136,2026-10-01,She,Rim,3,6:26,goal,,Jérémy Turcot,Max Brien,,False,False,False,False,5,4,,,0
33136,2026-10-01,She,Rim,3,8:30,penalty,,,,,False,False,False,False,5,4,Thomas Rousseau,Slashing,2
33136,2026-10-01,She,Rim,3,20:00,penalty,,,,,False,False,False,False,5,4,Max Brien,Roughing,2
33136,2026-10-01,She,Rim,3,20:00,penalty,,,,,False,False,False,False,5,4,Jayden Plouffe,Roughing,2
33136,2026-10-01,She,Rim,3,20:00,penalty,,,,,False,False,False,False,5,4,Sydney Gagnon,Unsportmanlike conduct,0
33136,2026-10-01,She,Rim,3,20:00,penalty,,,,,False,False,False,False,5,4,Sydney Gagnon,Roughing,2
33136,2026-10-01,She,Rim,3,20:00,penalty,,,,,False,False,False,False,5,4,Maxmilian Mares,Roughing,2
32654,2026-10-02,BaC,Cha,1,8:35,goal,,Nolan Duskocy,Owen Conrad,William Shields,True,False,False,False,0,1,,,0
32654,2026-10-02,BaC,Cha,1,17:15,goal,,Matthew Butler,Nolan Duskocy,,False,False,False,False,0,2,,,0
32654,2026-10-02,BaC,Cha,1,7:56,penalty,,,,,False,False,False,False,0,2,Aiden Kirkwood,Hooking,2
32654,2026-10-02,BaC,Cha,1,9:47,penalty,,,,,False,False,False,False,0,2,Xavier Sabourin,Slashing,2
32654,2026-10-02,BaC,Cha,1,10:50,penalty,,,,,False,False,False,False,0,2,Kimani Eccleston,Holding,2
32654,2026-10-02,BaC,Cha,2,4:12,goal,,Jonathan Oschgan,Johannes Dobrovolny,,False,False,False,False,1,2,,,0
32654,2026-10-02,BaC,Cha,2,5:52,goal,,Owen Conrad,Matthew Butler,William Shields,True,False,False,False,1,3,,,0
32654,2026-10-02,BaC,Cha,2,7:51,goal,,Liam Armit,Jonathan Oschgan,Dominic Pilote,False,False,False,False,2,3,,,0
32654,2026-10-02,BaC,Cha,2,9:53,goal,,William Shields,Kimani Eccleston,Antoine Boudreau,False,False,False,True,2,4,,,0
32654,2026-10-02,BaC,Cha,2,11:11,goal,,Antoine Boudreau,Matthew Butler,William Shields,True,False,False,False,2,5,,,0
32654,2026-10-02,BaC,Cha,2,5:02,penalty,,,,,False,False,False,False,2,5,Bryce Lazare,Tripping,2
32654,2026-10-02,BaC,Cha,2,5:24,penalty,,,,,False,False,False,False,2,5,Drew Allison,Delaying the game,2
32654,2026-10-02,BaC,Cha,2,9:53,penalty,,,,,False,False,False,False,2,5,Xavier Sabourin,Cross-checking,2
32654,2026-10-02,BaC,Cha,2,13:38,penalty,,,,,False,False,False,False,2,5,Cameron Holyoke,Roughing,2
32654,2026-10-02,BaC,Cha,2,13:38,penalty,,,,,False,False,False,False,2,5,Félix Foucher,Slashing,2
32654,2026-10-02,BaC,Cha,2,15:58,penalty,,,,,False,False,False,False,2,5,Rowan Walsh,Interference,2
32654,2026-10-02,BaC,Cha,2,18:45,penalty,,,,,False,False,False,False,2,5,William Shields,Embellishment,2
32654,2026-10-02,BaC,Cha,2,18:45,penalty,,,,,False,False,False,False,2,5,Drew Allison,Interference,2
32654,2026-10-02,BaC,Cha,3,8:03,goal,,Kimani Eccleston,Matthew Butler,Owen Conrad,True,False,False,False,2,6,,,0
32654,2026-10-02,BaC,Cha,3,14:52,goal,,Samuel Brunet,Johannes Dobrovolny,Jacob Labranche,False,False,False,False,3,6,,,0
32654,2026-10-02,BaC,Cha,3,7:12,penalty,,,,,False,False,False,False,3,6,Dominic Pilote,Cross-checking,2
32654,2026-10-02,BaC,Cha,3,8:48,penalty,,,,,False,False,False,False,3,6,Ryan Jewer,High sticking,2
32686,2026-10-02,BLB,Que,1,2:01,goal,,Max Mews,Samuel Huot,,False,False,False,False,0,1,,,0
32686,2026-10-02,BLB,Que,1,10:31,goal,,Louis-Thomas Lapointe,Max Mews,Egan Beveridge,False,False,False,False,0,2,,,0
32686,2026-10-02,BLB,Que,1,16:50,goal,,James Scantlebury,Carter Meyer,Nikita Ovcharov,False,False,False,False,0,3,,,0
32686,2026-10-02,BLB,Que,1,13:08,penalty,,,,,False,False,False,False,0,3,Alex Culligan,Cross-checking,2
32686,2026-10-02,BLB,Que,2,4:10,goal,,Matt Gosselin,Jacob McKinnon,Torkel Jennersjo,True,False,False,False,1,3,,,0
32686,2026-10-02,BLB,Que,2,15:09,goal,,Egan Beveridge,Maddox Labre,Max Mews,False,False,False,True,1,4,,,0
32686,2026-10-02,BLB,Que,2,19:24,goal,,Giovanni Collin,Blake Gowan,Torkel Jennersjo,False,False,False,False,2,4,,,0
32686,2026-10-02,BLB,Que,2,3:27,penalty,,,,,False,False,False,False,2,4,Samuel Sramaty,Hooking,2
32686,2026-10-02,BLB,Que,2,12:16,penalty,,,,,False,False,False,False,2,4,Matt Gosselin,Slashing,2
32686,2026-10-02,BLB,Que,2,19:53,penalty,,,,,False,False,False,False,2,4,Olivier Filaj,Holding,0
32686,2026-10-02,BLB,Que,3,13:14,goal,,Matt Gosselin,Olivier Filaj,Andrei Milyayev,False,False,False,False,3,4,,,0
33137,2026-10-02,She,Rim,1,5:38,penalty,,,,,False,False,False,False,0,0,Kaiden Donia,Holding,2
33137,2026-10-02,She,Rim,1,16:47,penalty,,,,,False,False,False,False,0,0,Kurt Beck,Holding,2
33137,2026-10-02,She,Rim,2,12:26,goal,,Florent Houle,Chad Bellemare,,False,False,False,False,1,0,,,0
33137,2026-10-02,She,Rim,2,12:52,goal,,Daniyar Aibatov,Florent Houle,Damien Leduc,False,False,False,False,2,0,,,0
33137,2026-10-02,She,Rim,2,13:41,goal,,Matyas Cutta,A.J. Schaaf,Maxmilian Mares,False,False,False,False,2,1,,,0
33137,2026-10-02,She,Rim,2,17:48,goal,,Florent Houle,Ilya Kolmakov,,False,False,False,False,3,1,,,0
33137,2026-10-02,She,Rim,2,19:35,goal,,A.J. Schaaf,Caiden Pellegrino,Justin Beaulieu,True,False,False,False,3,2,,,0
33137,2026-10-02,She,Rim,2,5:16,penalty,,,,,False,False,False,False,3,2,Maxmilian Mares,Cross-checking,2
33137,2026-10-02,She,Rim,2,5:16,penalty,,,,,False,False,False,False,3,2,Jayden Plouffe,Roughing,2
33137,2026-10-02,She,Rim,2,8:56,penalty,,,,,False,False,False,False,3,2,William Phin Howard,Hooking,2
33137,2026-10-02,She,Rim,2,10:20,penalty,,,,,False,False,False,False,3,2,Florent Houle,High sticking,2
33137,2026-10-02,She,Rim,2,19:20,penalty,,,,,False,False,False,False,3,2,Andrew Martin,Slashing,2
33137,2026-10-02,She,Rim,3,2:13,goal,,A.J. Schaaf,Maxmilian Mares,William Phin Howard,False,False,False,False,3,3,,,0
33137,2026-10-02,She,Rim,3,4:21,goal,,Mathys Dubé,Caiden Pellegrino,,False,False,False,True,3,4,,,0
33137,2026-10-02,She,Rim,3,18:46,penalty,,,,,False,False,False,False,3,4,Mathys Dubé,Delaying the game,2
33137,2026-10-02,She,Rim,3,19:55,penalty,,,,,False,False,False,False,3,4,A.J. Schaaf,High sticking,2
32655,2026-10-03,BaC,Vic,1,5:41,goal,,Jonathan Oschgan,Bryce Lazare,Johannes Dobrovolny,False,False,False,False,1,0,,,0
32655,2026-10-03,BaC,Vic,1,2:10,penalty,,,,,False,False,False,False,1,0,Maxime Dodier,Delaying the game,2
32655,2026-10-03,BaC,Vic,1,6:12,penalty,,,,,False,False,False,False,1,0,Alexis Desroches,Tripping,2
32655,2026-10-03,BaC,Vic,1,16:05,penalty,,,,,False,False,False,False,1,0,Cohen Paquet,Boarding,2
32655,2026-10-03,BaC,Vic,2,3:02,goal,,Loïk Gariépy,Alexis Desroches,Mathéo Lepage,True,False,False,False,1,1,,,0
32655,2026-10-03,BaC,Vic,2,6:47,goal,,Loïk Gariépy,Egor Shilov,Cohen Paquet,False,False,False,False,1,2,,,0
32655,2026-10-03,BaC,Vic,2,11:59,goal,,Liam Armit,Brayden Besner,Robin Benoit,False,False,False,False,2,2,,,0
32655,2026-10-03,BaC,Vic,2,1:09,penalty,,,,,False,False,False,False,2,2,Brayden Besner,Tripping,2
32655,2026-10-03,BaC,Vic,2,13:45,penalty,,,,,False,False,False,False,2,2,Drew Allison,High sticking,2
32655,2026-10-03,BaC,Vic,2,17:26,penalty,,,,,False,False,False,False,2,2,Liam Armit,Hooking,2
32655,2026-10-03,BaC,Vic,3,5:19,goal,,Mathéo Lepage,Alexey Vlasov,Thomas Desruisseaux,False,False,False,True,2,3,,,0
32655,2026-10-03,BaC,Vic,3,5:56,goal,,Loïk Gariépy,Alexis Desroches,,False,False,False,False,2,4,,,0
32655,2026-10-03,BaC,Vic,3,19:30,goal,,Cohen Paquet,Deryk Lemaire,,False,False,True,False,2,5,,,0
32655,2026-10-03,BaC,Vic,3,0:57,penalty,,,,,False,False,False,False,2,5,Robin Benoit,Tripping,2
32655,2026-10-03,BaC,Vic,3,8:14,penalty,,,,,False,False,False,False,2,5,Drew Allison,Hooking,2
32655,2026-10-03,BaC,Vic,3,9:42,penalty,,,,,False,False,False,False,2,5,Deryk Lemaire,Tripping,2
32655,2026-10-03,BaC,Vic,3,9:42,penalty,,,,,False,False,False,False,2,5,Alexis Desroches,High sticking,2
32655,2026-10-03,BaC,Vic,3,9:42,penalty,,,,,False,False,False,False,2,5,Alexis Desroches,High sticking,2
32687,2026-10-03,BLB,Dru,1,7:01,goal,,Dylan Dumont,Maxime-Olivier Drolet,Renaud Poulin,True,False,False,False,0,1,,,0
32687,2026-10-03,BLB,Dru,1,17:49,goal,,Giovanni Collin,Liam Campbell,Olivier Filaj,True,False,False,False,1,1,,,0
32687,2026-10-03,BLB,Dru,1,6:12,penalty,,,,,False,False,False,False,1,1,Elliot Dubé,High sticking,2
32687,2026-10-03,BLB,Dru,1,15:55,penalty,,,,,False,False,False,False,1,1,Xavier Cormier,Interference,2
32687,2026-10-03,BLB,Dru,2,4:01,penalty,,,,,False,False,False,False,1,1,Jaden VanWalleghem,Slashing,2
32687,2026-10-03,BLB,Dru,2,9:30,penalty,,,,,False,False,False,False,1,1,Maxime-Olivier Drolet,High sticking,2
32687,2026-10-03,BLB,Dru,3,3:55,goal,,Ludovik Grenier,Giovanni Collin,,False,False,False,False,2,1,,,0
32687,2026-10-03,BLB,Dru,3,8:47,goal,,Hugo Dufour,Cooper Campbell,Renaud Poulin,False,False,False,False,2,2,,,0
32687,2026-10-03,BLB,Dru,3,14:53,goal,,Louis-Félix Bourque,Yoan Tassé,Devon Arthurs,False,False,False,True,2,3,,,0
32687,2026-10-03,BLB,Dru,3,19:01,penalty,,,,,False,False,False,False,2,3,Sebastian Taliga,Tripping,2
32718,2026-10-04,Cap,Mon,1,5:02,goal,,Romain Litalien,Jack Broderick,,False,False,False,False,1,0,,,0
32718,2026-10-04,Cap,Mon,1,17:17,goal,,Liam Lefebvre,Elias Schneider,Maxim Schäfer,False,False,False,False,2,0,,,0
32718,2026-10-04,Cap,Mon,1,10:10,penalty,,,,,False,False,False,False,2,0,Charlie Benigno,Interference,2
32718,2026-10-04,Cap,Mon,1,18:10,penalty,,,,,False,False,False,False,2,0,Rian Chudzinski,Hooking,2
32718,2026-10-04,Cap,Mon,2,9:11,goal,,Maxim Schäfer,Elias Schneider,Liam Lefebvre,False,False,False,True,3,0,,,0
32718,2026-10-04,Cap,Mon,2,6:01,penalty,,,,,False,False,False,False,3,0,Easton Anello,Tripping,2
32718,2026-10-04,Cap,Mon,2,15:49,penalty,,,,,False,False,False,False,3,0,Niko Tournas,Roughing,2
32718,2026-10-04,Cap,Mon,2,15:49,penalty,,,,,False,False,False,False,3,0,Cole Chandler,Roughing,2
32718,2026-10-04,Cap,Mon,2,19:37,penalty,,,,,False,False,False,False,3,0,Jacob Hartlin,Hooking,2
32718,2026-10-04,Cap,Mon,3,0:46,goal,,Liam Kilfoil,Rian Chudzinski,Shayne Gould,True,False,False,False,3,1,,,0
32718,2026-10-04,Cap,Mon,3,13:50,goal,,Spencer Thornborough,Noah Survilas,,False,False,False,False,3,2,,,0
32718,2026-10-04,Cap,Mon,3,18:40,goal,,Liam Lefebvre,Romain Litalien,Eliot Litalien,False,False,True,False,4,2,,,0
32718,2026-10-04,Cap,Mon,3,7:30,penalty,,,,,False,False,False,False,4,2,Aiden McCullough,Boarding,2
33007,2026-10-04,Rim,Cha,1,6:59,penalty,,,,,False,False,False,False,0,0,Rafaël Cloutier,Hooking,2
33007,2026-10-04,Rim,Cha,1,13:04,penalty,,,,,False,False,False,False,0,0,Mathys Dubé,Holding,2
33007,2026-10-04,Rim,Cha,1,13:39,penalty,,,,,False,False,False,False,0,0,Nolan Duskocy,Roughing,2
33007,2026-10-04,Rim,Cha,1,19:24,penalty,,,,,False,False,False,False,0,0,Matyas Cutta,Hooking,2
33007,2026-10-04,Rim,Cha,2,2:12,goal,,Malik Bourque-Vigneault,Matyas Cutta,Justin Gagnon,True,False,False,False,1,0,,,0
33007,2026-10-04,Rim,Cha,2,6:34,goal,,Maxmilian Mares,A.J. Schaaf,,False,False,False,False,2,0,,,0
33007,2026-10-04,Rim,Cha,2,7:16,goal,,Caiden Pellegrino,Zack Arsenault,,False,False,False,False,3,0,,,0
33007,2026-10-04,Rim,Cha,2,11:47,goal,,Nolan Duskocy,Matthew Butler,,False,False,False,False,3,1,,,0
33007,2026-10-04,Rim,Cha,2,12:41,goal,,Cameron Haye,,,False,False,False,False,3,2,,,0
33007,2026-10-04,Rim,Cha,2,0:19,penalty,,,,,False,False,False,False,3,2,William Shields,Slashing,2
33007,2026-10-04,Rim,Cha,2,7:55,penalty,,,,,False,False,False,False,3,2,Alex Massé,Slashing,2
33007,2026-10-04,Rim,Cha,2,16:31,penalty,,,,,False,False,False,False,3,2,Jérémy Turcot,Roughing,2
33007,2026-10-04,Rim,Cha,2,16:31,penalty,,,,,False,False,False,False,3,2,William Shields,Roughing,2
33007,2026-10-04,Rim,Cha,3,4:08,goal,,A.J. Schaaf,Malik Bourque-Vigneault,,False,False,False,False,4,2,,,0
33007,2026-10-04,Rim,Cha,3,4:45,goal,,Jude Herron,Nathan Frost,Cameron Holyoke,False,False,False,False,4,3,,,0
33007,2026-10-04,Rim,Cha,3,5:47,goal,,Nolan Duskocy,Matthew Butler,Owen Conrad,False,False,False,False,4,4,,,0
33007,2026-10-04,Rim,Cha,3,6:50,goal,,Alex Massé,Justin Gagnon,Charles Généreux,False,False,False,False,5,4,,,0
33007,2026-10-04,Rim,Cha,3,8:52,goal,,Matthew Butler,Hudson Armstrong,,False,False,False,False,5,5,,,0
33007,2026-10-04,Rim,Cha,3,14:00,goal,,William Phin Howard,Max Brien,Rafaël Cloutier,False,False,False,True,6,5,,,0
33007,2026-10-04,Rim,Cha,3,14:45,goal,,Mathys Dubé,Zack Arsenault,,False,False,False,False,7,5,,,0
33007,2026-10-04,Rim,Cha,3,18:57,goal,,Mathys Dubé,Jérémy Turcot,William Phin Howard,True,False,False,False,8,5,,,0
33007,2026-10-04,Rim,Cha,3,8:52,penalty,,,,,False,False,False,False,8,5,Jude Herron,Hooking,2
33007,2026-10-04,Rim,Cha,3,15:32,penalty,,,,,False,False,False,False,8,5,Hugo Charron,Slashing,2
33007,2026-10-04,Rim,Cha,3,15:32,penalty,,,,,False,False,False,False,8,5,Hugo Charron,Roughing,2
33007,2026-10-04,Rim,Cha,3,18:11,penalty,,,,,False,False,False,False,8,5,Connor Sturgeon,Slashing,0
33007,2026-10-04,Rim,Cha,3,20:00,penalty,,,,,False,False,False,False,8,5,Justin Gagnon,Roughing,2
33007,2026-10-04,Rim,Cha,3,20:00,penalty,,,,,False,False,False,False,8,5,Jude Herron,Roughing,2
33169,2026-10-04,VdO,Gat,1,6:22,goal,,Maxime Sauthier,Philippe Veilleux,Benjamin Cossette Ayotte,True,False,False,False,1,0,,,0
33169,2026-10-04,VdO,Gat,1,9:10,goal,,Maxime Sauthier,Philippe Veilleux,Nathan Brisson,True,False,False,False,2,0,,,0
33169,2026-10-04,VdO,Gat,1,11:37,goal,,Gabriel Séguin,Louis-Étienne Halley,Noah Florent,True,False,False,False,2,1,,,0
33169,2026-10-04,VdO,Gat,1,16:36,goal,,Louis-Étienne Halley,Maxim Dubé,Gabriel Séguin,True,False,False,False,2,2,,,0
33169,2026-10-04,VdO,Gat,1,19:44,goal,,Charles Pigeon,Finn Barton,Justin Blais,False,False,False,False,2,3,,,0
33169,2026-10-04,VdO,Gat,1,3:55,penalty,,,,,False,False,False,False,2,3,Esteban Cinq-Mars,Holding,2
33169,2026-10-04,VdO,Gat,1,4:36,penalty,,,,,False,False,False,False,2,3,Maxim Dubé,Hooking,2
33169,2026-10-04,VdO,Gat,1,7:57,penalty,,,,,False,False,False,False,2,3,Dylan Allie,Interference,2
33169,2026-10-04,VdO,Gat,1,8:43,penalty,,,,,False,False,False,False,2,3,Drew McLennan,Tripping,2
33169,2026-10-04,VdO,Gat,1,11:01,penalty,,,,,False,False,False,False,2,3,Maxime Sauthier,Unsportmanlike conduct,2
33169,2026-10-04,VdO,Gat,1,11:01,penalty,,,,,False,False,False,False,2,3,Noah McKinnon,Roughing,2
33169,2026-10-04,VdO,Gat,1,11:01,penalty,,,,,False,False,False,False,2,3,Michel Myloserdnyy,Roughing,2
33169,2026-10-04,VdO,Gat,1,11:01,penalty,,,,,False,False,False,False,2,3,Alex Dagenais,Roughing,2
33169,2026-10-04,VdO,Gat,1,11:01,penalty,,,,,False,False,False,False,2,3,Maxime Sauthier,Roughing,2
33169,2026-10-04,VdO,Gat,1,11:14,penalty,,,,,False,False,False,False,2,3,Anthony Paré,Slashing,2
33169,2026-10-04,VdO,Gat,1,14:42,penalty,,,,,False,False,False,False,2,3,Étienne Maheu,High sticking,2
33169,2026-10-04,VdO,Gat,1,14:42,penalty,,,,,False,False,False,False,2,3,Étienne Maheu,High sticking,2
33169,2026-10-04,VdO,Gat,1,20:00,penalty,,,,,False,False,False,False,2,3,Esteban Cinq-Mars,Roughing,2
33169,2026-10-04,VdO,Gat,1,20:00,penalty,,,,,False,False,False,False,2,3,Drew McLennan,Roughing,2
33169,2026-10-04,VdO,Gat,1,20:00,penalty,,,,,False,False,False,False,2,3,Ryan White,Roughing,2
33169,2026-10-04,VdO,Gat,1,20:00,penalty,,,,,False,False,False,False,2,3,Josh Demers,Roughing,2
33169,2026-10-04,VdO,Gat,2,6:21,goal,,Maxime Sauthier,Philippe Veilleux,Noah McKinnon,True,False,False,False,3,3,,,0
33169,2026-10-04,VdO,Gat,2,14:01,goal,,Michel Myloserdnyy,Peter Legostaev,Drew McLennan,True,False,False,False,3,4,,,0
33169,2026-10-04,VdO,Gat,2,19:57,goal,,Michel Myloserdnyy,Justin Blais,Louis-Étienne Halley,False,False,False,True,3,5,,,0
33169,2026-10-04,VdO,Gat,2,5:26,penalty,,,,,False,False,False,False,3,5,Michel Myloserdnyy,Interference,2
33169,2026-10-04,VdO,Gat,2,8:25,penalty,,,,,False,False,False,False,3,5,Mathias Bourque,Slashing,2
33169,2026-10-04,VdO,Gat,2,13:42,penalty,,,,,False,False,False,False,3,5,Noah McKinnon,High sticking,2
33169,2026-10-04,VdO,Gat,2,16:16,penalty,,,,,False,False,False,False,3,5,Ryan White,Hooking,2
33169,2026-10-04,VdO,Gat,3,9:16,goal,,Benjamin Cossette Ayotte,Anthony Paré,Gabriel Provencher,True,False,False,False,4,5,,,0
33169,2026-10-04,VdO,Gat,3,8:22,penalty,,,,,False,False,False,False,4,5,,Too many players on the ice,2
33169,2026-10-04,VdO,Gat,3,20:00,penalty,,,,,False,False,False,False,4,5,Michel Myloserdnyy,Cross-checking,2
32976,2026-10-04,Que,BLB,1,4:15,goal,,Carter Meyer,Maddox Dagenais,Bastien Michaud,False,False,False,True,1,0,,,0
32976,2026-10-04,Que,BLB,1,8:16,goal,,Nikita Ovcharov,James Scantlebury,Maddox Labre,False,False,False,False,2,0,,,0
32976,2026-10-04,Que,BLB,1,19:36,goal,,Nikita Ovcharov,Alexandre Taillefer,Nathan Quinn,False,False,False,False,3,0,,,0
32976,2026-10-04,Que,BLB,1,20:00,penalty,,,,,False,False,False,False,3,0,Logan Brennan,Roughing,2
32976,2026-10-04,Que,BLB,2,1:53,goal,,Egan Beveridge,Max Mews,,True,False,False,False,4,0,,,0
32976,2026-10-04,Que,BLB,2,7:30,goal,,Egan Beveridge,,,False,False,False,False,5,0,,,0
32976,2026-10-04,Que,BLB,2,4:03,penalty,,,,,False,False,False,False,5,0,Alexis Bonin-Lallemand,Unsportmanlike conduct,2
32976,2026-10-04,Que,BLB,2,4:03,penalty,,,,,False,False,False,False,5,0,Carter Meyer,Cross-checking,2
32976,2026-10-04,Que,BLB,3,6:31,goal,,Charles-Antoine Dubé,Alexandre Taillefer,,False,True,False,False,6,0,,,0
32976,2026-10-04,Que,BLB,3,17:00,goal,,Nikita Ovcharov,Maddox Labre,Samuel Huot,True,False,False,False,7,0,,,0
32976,2026-10-04,Que,BLB,3,4:06,penalty,,,,,False,False,False,False,7,0,Maddox Dagenais,Interference,2
32976,2026-10-04,Que,BLB,3,6:19,penalty,,,,,False,False,False,False,7,0,,Too many players on the ice,2
32976,2026-10-04,Que,BLB,3,9:55,penalty,,,,,False,False,False,False,7,0,PJ Fagan,Roughing,2
32976,2026-10-04,Que,BLB,3,9:55,penalty,,,,,False,False,False,False,7,0,Egan Beveridge,Roughing,2
32976,2026-10-04,Que,BLB,3,13:12,penalty,,,,,False,False,False,False,7,0,Nathan Quinn,Roughing,2
32976,2026-10-04,Que,BLB,3,15:47,penalty,,,,,False,False,False,False,7,0,Olivier Filaj,Roughing,2
32976,2026-10-04,Que,BLB,3,15:47,penalty,,,,,False,False,False,False,7,0,Giovanni Collin,"Fight in the final 5 minutes of regulation time, or anytime of the overtime",5
32976,2026-10-04,Que,BLB,3,15:47,penalty,,,,,False,False,False,False,7,0,Giovanni Collin,Agressor,0
32976,2026-10-04,Que,BLB,3,15:47,penalty,,,,,False,False,False,False,7,0,Alex Culligan,Roughing,2
32976,2026-10-04,Que,BLB,3,15:47,penalty,,,,,False,False,False,False,7,0,Olivier Filaj,Roughing,2
32976,2026-10-04,Que,BLB,3,15:47,penalty,,,,,False,False,False,False,7,0,Giovanni Collin,Roughing,2
32976,2026-10-04,Que,BLB,3,15:47,penalty,,,,,False,False,False,False,7,0,Alexis Bonin-Lallemand,Roughing,2
32976,2026-10-04,Que,BLB,3,15:47,penalty,,,,,False,False,False,False,7,0,James Scantlebury,Roughing,2
32976,2026-10-04,Que,BLB,3,15:47,penalty,,,,,False,False,False,False,7,0,Nathan Quinn,Roughing,2
32783,2026-10-04,Chi,Vic,1,7:00,goal,,Alexey Vlasov,Thomas Desruisseaux,Cohen Paquet,False,False,False,False,0,1,,,0
32783,2026-10-04,Chi,Vic,1,18:12,goal,,Thomas Desruisseaux,,,False,True,False,False,0,2,,,0
32783,2026-10-04,Chi,Vic,1,16:21,penalty,,,,,False,False,False,False,0,2,Alexey Vlasov,High sticking,2
32783,2026-10-04,Chi,Vic,1,16:21,penalty,,,,,False,False,False,False,0,2,Alexey Vlasov,High sticking,2
32783,2026-10-04,Chi,Vic,2,1:16,penalty,,,,,False,False,False,False,0,2,Andrew Mohesky,Tripping,2
32783,2026-10-04,Chi,Vic,2,13:21,penalty,,,,,False,False,False,False,0,2,Louis-Félix Gagnon,Interference,2
32783,2026-10-04,Chi,Vic,2,18:19,penalty,,,,,False,False,False,False,0,2,Mathéo Lepage,Hooking,2
32783,2026-10-04,Chi,Vic,3,12:40,goal,,Andrew Mohesky,Loïc Poirier,,False,False,False,False,1,2,,,0
32783,2026-10-04,Chi,Vic,3,17:41,goal,,Alexey Vlasov,,,False,False,True,True,1,3,,,0
32783,2026-10-04,Chi,Vic,3,19:11,goal,,Nathan Lecompte,Daniel Berehowsky,Loïc Poirier,False,False,False,False,2,3,,,0
33204,2026-10-07,Vic,Sha,1,4:38,goal,,Deryk Lemaire,Mathéo Lepage,Vincent Boutet,False,False,False,False,1,0,,,0
33204,2026-10-07,Vic,Sha,1,12:33,goal,,Samuel Boyer,Maxwell Branton,Julien Bergeron,False,False,False,False,1,1,,,0
33204,2026-10-07,Vic,Sha,1,15:39,goal,,Xavier Lebel,Deryk Lemaire,Loïk Gariépy,False,False,False,False,2,1,,,0
33204,2026-10-07,Vic,Sha,1,8:38,penalty,,,,,False,False,False,False,2,1,Louis-Félix Guay,Tripping,2
33204,2026-10-07,Vic,Sha,1,9:03,penalty,,,,,False,False,False,False,2,1,Olivier Charron,Interference,2
33204,2026-10-07,Vic,Sha,2,5:39,goal,,Vladimir Shtyrkhunov,Olivier Charron,,True,False,False,False,2,2,,,0
33204,2026-10-07,Vic,Sha,2,11:11,goal,,Mathéo Lepage,Thomas Desruisseaux,Alexey Vlasov,True,False,False,False,3,2,,,0
33204,2026-10-07,Vic,Sha,2,5:11,penalty,,,,,False,False,False,False,3,2,Dominik Necak,Roughing,2
33204,2026-10-07,Vic,Sha,2,10:03,penalty,,,,,False,False,False,False,3,2,William Yared,Tripping,2
33204,2026-10-07,Vic,Sha,2,13:58,penalty,,,,,False,False,False,False,3,2,Petr Novozhilov,Hooking,2
33204,2026-10-07,Vic,Sha,2,16:48,penalty,,,,,False,False,False,False,3,2,Eliot Faucher,High sticking,2
33204,2026-10-07,Vic,Sha,3,7:48,goal,,Loïk Gariépy,Egor Shilov,,True,False,False,True,4,2,,,0
33204,2026-10-07,Vic,Sha,3,12:20,goal,,Olivier Charron,Vladimir Shtyrkhunov,Chad Lygitsakos,True,False,False,False,4,3,,,0
33204,2026-10-07,Vic,Sha,3,19:46,goal,,Thomas Desruisseaux,,,False,False,True,False,5,3,,,0
33204,2026-10-07,Vic,Sha,3,0:52,penalty,,,,,False,False,False,False,5,3,Benjamin Corso,Fighting,5
33204,2026-10-07,Vic,Sha,3,0:52,penalty,,,,,False,False,False,False,5,3,Cohen Paquet,Fighting,0
33204,2026-10-07,Vic,Sha,3,0:52,penalty,,,,,False,False,False,False,5,3,Cohen Paquet,Fighting,5
33204,2026-10-07,Vic,Sha,3,0:52,penalty,,,,,False,False,False,False,5,3,Benjamin Corso,Fighting,0
33204,2026-10-07,Vic,Sha,3,5:18,penalty,,,,,False,False,False,False,5,3,Dylan Laframboise,Slashing,2
33204,2026-10-07,Vic,Sha,3,5:18,penalty,,,,,False,False,False,False,5,3,Xavier Lebel,Roughing,2
33204,2026-10-07,Vic,Sha,3,7:20,penalty,,,,,False,False,False,False,5,3,Andrei Nikolayev,Roughing,2
33204,2026-10-07,Vic,Sha,3,7:20,penalty,,,,,False,False,False,False,5,3,Pierre-Alexandre Lemieux,Roughing,2
33204,2026-10-07,Vic,Sha,3,7:20,penalty,,,,,False,False,False,False,5,3,Dylan Laframboise,Unsportmanlike conduct,0
33204,2026-10-07,Vic,Sha,3,7:20,penalty,,,,,False,False,False,False,5,3,Dylan Laframboise,Roughing,2
33204,2026-10-07,Vic,Sha,3,10:55,penalty,,,,,False,False,False,False,5,3,Alexis Fortin,Roughing,2
33204,2026-10-07,Vic,Sha,3,10:55,penalty,,,,,False,False,False,False,5,3,Vincent Boutet,Cross-checking,2
33204,2026-10-07,Vic,Sha,3,10:55,penalty,,,,,False,False,False,False,5,3,Louis-Félix Guay,Roughing,2
33204,2026-10-07,Vic,Sha,3,12:40,penalty,,,,,False,False,False,False,5,3,Vincent Boutet,Boarding,2
33204,2026-10-07,Vic,Sha,3,13:44,penalty,,,,,False,False,False,False,5,3,Frédéric Bergeron,Slashing,2
32688,2026-10-07,BLB,NFL,1,16:34,penalty,,,,,False,False,False,False,0,0,Stefano Pietrantonio,Hooking,2
32688,2026-10-07,BLB,NFL,2,5:42,goal,,Alexis Michaud,Louis-François Bélanger,Benjamin Veitch,True,False,False,False,0,1,,,0
32688,2026-10-07,BLB,NFL,2,12:04,goal,,Louis-François Bélanger,Dmitry Kubantsev,Matthew Frost,False,False,False,False,0,2,,,0
32688,2026-10-07,BLB,NFL,2,14:14,goal,,Maddex Marmulak,Kingsley Austin,Tyson Goguen,False,False,False,False,0,3,,,0
32688,2026-10-07,BLB,NFL,2,15:51,goal,,William Lundqvist,,,False,False,False,True,0,4,,,0
32688,2026-10-07,BLB,NFL,2,4:14,penalty,,,,,False,False,False,False,0,4,Blake Gowan,Interference,2
32688,2026-10-07,BLB,NFL,2,6:16,penalty,,,,,False,False,False,False,0,4,Matthew Frost,Slashing,2
32688,2026-10-07,BLB,NFL,2,16:46,penalty,,,,,False,False,False,False,0,4,Logan Brennan,Checking to the head,2
32688,2026-10-07,BLB,NFL,2,18:53,penalty,,,,,False,False,False,False,0,4,Logan Brennan,Checking to the head,5
32688,2026-10-07,BLB,NFL,2,18:53,penalty,,,,,False,False,False,False,0,4,Logan Brennan,Fighting,5
32688,2026-10-07,BLB,NFL,2,18:53,penalty,,,,,False,False,False,False,0,4,Logan Brennan,Checking to the head,0
32688,2026-10-07,BLB,NFL,2,18:53,penalty,,,,,False,False,False,False,0,4,Logan Brennan,Fighting,0
32688,2026-10-07,BLB,NFL,2,18:53,penalty,,,,,False,False,False,False,0,4,Blake Gowan,Roughing,2
32688,2026-10-07,BLB,NFL,2,18:53,penalty,,,,,False,False,False,False,0,4,Benjamin Girard,Instigator of a fight,0
32688,2026-10-07,BLB,NFL,2,18:53,penalty,,,,,False,False,False,False,0,4,Benjamin Girard,Instigator (fight),2
32688,2026-10-07,BLB,NFL,2,18:53,penalty,,,,,False,False,False,False,0,4,Ryan Dwyer,Roughing,2
32688,2026-10-07,BLB,NFL,2,18:53,penalty,,,,,False,False,False,False,0,4,Benjamin Girard,Fighting,5
32688,2026-10-07,BLB,NFL,3,3:58,goal,,Tyson Goguen,Louis-François Bélanger,Benjamin Veitch,False,False,False,False,0,5,,,0
32688,2026-10-07,BLB,NFL,3,12:14,goal,,Camden Jackson,Stefano Pietrantonio,Ludovik Grenier,True,False,False,False,1,5,,,0
32688,2026-10-07,BLB,NFL,3,15:15,goal,,Stefano Pietrantonio,Liam Campbell,Dean Deschamps,False,False,False,False,2,5,,,0
32688,2026-10-07,BLB,NFL,3,18:07,goal,,Amelio Santini,Malyk Côté,,False,False,False,False,3,5,,,0
32688,2026-10-07,BLB,NFL,3,19:48,goal,,Tyson Goguen,,,False,False,True,False,3,6,,,0
32688,2026-10-07,BLB,NFL,3,4:41,penalty,,,,,False,False,False,False,3,6,Damian Norris,Slashing,0
32688,2026-10-07,BLB,NFL,3,4:41,penalty,,,,,False,False,False,False,3,6,Damian Norris,Slashing,5
32688,2026-10-07,BLB,NFL,3,10:26,penalty,,,,,False,False,False,False,3,6,Will Reynolds,Interference,2
32910,2026-10-08,Mon,Dru,1,19:53,goal,,Renaud Poulin,Cooper Campbell,Dylan Dumont,False,False,False,False,0,1,,,0
32910,2026-10-08,Mon,Dru,2,2:52,goal,,William Manchuso,Marc MacPhee,,False,False,False,False,1,1,,,0
32910,2026-10-08,Mon,Dru,2,4:58,goal,,Dylan Dumont,Hugo Dufour,,False,False,False,False,1,2,,,0
32910,2026-10-08,Mon,Dru,2,8:20,goal,,Niko Tournas,Myles Brosnan,William Manchuso,False,False,False,False,2,2,,,0
32910,2026-10-08,Mon,Dru,2,10:07,goal,,Louis-Félix Bourque,Yoan Tassé,,False,False,False,False,2,3,,,0
32910,2026-10-08,Mon,Dru,2,17:11,goal,,Rian Chudzinski,Myles Brosnan,Liam Kilfoil,False,False,False,False,3,3,,,0
32910,2026-10-08,Mon,Dru,2,5:45,penalty,,,,,False,False,False,False,3,3,William Manchuso,Tripping,2
32910,2026-10-08,Mon,Dru,3,19:22,goal,,Yoan Tassé,Devon Arthurs,Louis-Félix Bourque,False,False,False,True,3,4,,,0
32876,2026-10-08,Hal,Rou,1,4:34,goal,,Antoine St-Laurent,Niko El Khouri,Samuel Beauchemin,True,False,False,False,0,1,,,0
32876,2026-10-08,Hal,Rou,1,3:37,penalty,,,,,False,False,False,False,0,1,Shawn Carrier,Interference,2
32876,2026-10-08,Hal,Rou,1,10:21,penalty,,,,,False,False,False,False,0,1,Fedor Andreev,Interference,2
32876,2026-10-08,Hal,Rou,1,11:04,penalty,,,,,False,False,False,False,0,1,Nathan Langlois,Face-off Infraction,2
32876,2026-10-08,Hal,Rou,1,13:16,penalty,,,,,False,False,False,False,0,1,Antoine St-Laurent,Roughing,2
32876,2026-10-08,Hal,Rou,1,13:16,penalty,,,,,False,False,False,False,0,1,Nathan Langlois,Roughing,2
32876,2026-10-08,Hal,Rou,1,19:48,penalty,,,,,False,False,False,False,0,1,Charles Laforest,Tripping,2
32876,2026-10-08,Hal,Rou,2,2:03,goal,,Paul Sintschnig,Jayden Napon,Daniel Walters,False,False,False,False,1,1,,,0
32876,2026-10-08,Hal,Rou,2,8:40,goal,,Shawn Carrier,Nathan Langlois,,False,True,False,False,2,1,,,0
32876,2026-10-08,Hal,Rou,2,11:01,goal,,Oleg Kulebiakin,Mateo Nobert,Paul Sintschnig,False,False,False,True,3,1,,,0
32876,2026-10-08,Hal,Rou,2,3:32,penalty,,,,,False,False,False,False,3,1,Jayden Pominville,Tripping,2
32876,2026-10-08,Hal,Rou,2,7:53,penalty,,,,,False,False,False,False,3,1,Jackson Smail,Checking from behind,2
32876,2026-10-08,Hal,Rou,2,11:59,penalty,,,,,False,False,False,False,3,1,Cameron Minella,Delaying the game,2
32876,2026-10-08,Hal,Rou,2,16:08,penalty,,,,,False,False,False,False,3,1,Tyler Sullivan,Checking from behind,2
32876,2026-10-08,Hal,Rou,3,0:25,goal,,Shawn Carrier,Owen Phillips,Nathan Langlois,False,False,False,False,4,1,,,0
32876,2026-10-08,Hal,Rou,3,4:28,goal,,Malik L'Italien,,,False,False,False,False,5,1,,,0
32876,2026-10-08,Hal,Rou,3,10:07,goal,,Jérémy Jarret,William Vézina,Samuel Rheault,False,False,False,False,5,2,,,0
32876,2026-10-08,Hal,Rou,3,17:58,goal,,Eddy Doyle,,,False,False,True,False,6,2,,,0
32876,2026-10-08,Hal,Rou,3,11:21,penalty,,,,,False,False,False,False,6,2,Daniel Walters,High sticking,2
