player_id,name,position,rookie,jerseyNumber,teamCode,GP,GWG,G,S,Sh%,A,PTS,PTS/GP,+/-,PIM,PIM/GP,PPG,PPA,SHG,SHA,SG,rank,lastName,firstName,playerName,teamId,teamLogo,season,league,seasonName,seasonStartYear,seasonEndYear,scraped_at
19542,"Dubé, Mathys",C,0,24,Rim,4,0,4,14,28.6,5,9,2.25,7,2,0.5,1,0,0,0,0,1,Dubé,Mathys,"Dubé, Mathys",18,https://assets.leaguestat.com/lhjmq/logos/18_214.png,214,qmjhl,2026-27 | Regular Season,2026,2027,2026-09-30T16:21:29.259527+00:00
20174,"Veilleux, Philippe",LW,0,44,VdO,4,1,3,22,13.6,6,9,2.25,2,0,0.0,1,3,1,0,0,2,Veilleux,Philippe,"Veilleux, Philippe",15,https://assets.leaguestat.com/lhjmq/logos/15.png,214,qmjhl,2026-27 | Regular Season,2026,2027,2026-09-30T16:21:29.259527+00:00
20188,"Quinn, Nathan",C,0,29,Que,3,2,4,15,26.7,4,8,2.67,5,2,0.67,1,2,0,0,0,3,Quinn,Nathan,"Quinn, Nathan",9,https://assets.leaguestat.com/lhjmq/logos/9.png,214,qmjhl,2026-27 | Regular Season,2026,2027,2026-09-30T16:21:29.259527+00:00
19514,"Ogonowski, Eliot",LW,0,12,Rou,4,0,4,26,15.4,4,8,2.0,1,0,0.0,3,2,0,0,0,4,Ogonowski,Eliot,"Ogonowski, Eliot",11,https://assets.leaguestat.com/lhjmq/logos/50x50/11.png,214,qmjhl,2026-27 | Regular Season,2026,2027,2026-09-30T16:21:29.259527+00:00
19523,"Kennedy, Quinn",C,0,88,Hal,4,0,3,12,25.0,5,8,2.0,2,2,0.5,1,2,0,0,1,5,Kennedy,Quinn,"Kennedy, Quinn",5,https://assets.leaguestat.com/lhjmq/logos/5_214.png,214,qmjhl,2026-27 | Regular Season,2026,2027,2026-09-30T16:21:29.259527+00:00
20285,"Lebel, Xavier",LW,0,92,Vic,4,0,3,13,23.1,5,8,2.0,1,2,0.5,1,1,0,0,0,6,Lebel,Xavier,"Lebel, Xavier",17,https://assets.leaguestat.com/lhjmq/logos/17.png,214,qmjhl,2026-27 | Regular Season,2026,2027,2026-09-30T16:21:29.259527+00:00
23337,"Scantlebury, James",C,1,19,Que,4,1,5,12,41.7,2,7,1.75,2,0,0.0,3,0,0,0,0,7,Scantlebury,James,"Scantlebury, James",9,https://assets.leaguestat.com/lhjmq/logos/9.png,214,qmjhl,2026-27 | Regular Season,2026,2027,2026-09-30T16:21:29.259527+00:00
22262,"Chudzinski, Rian",RW,0,22,Mon,4,1,4,16,25.0,3,7,1.75,1,4,1.0,2,2,0,0,0,8,Chudzinski,Rian,"Chudzinski, Rian",1,https://assets.leaguestat.com/lhjmq/logos/1.png,214,qmjhl,2026-27 | Regular Season,2026,2027,2026-09-30T16:21:29.259527+00:00
21290,"Dubé, Maxim",LW,0,86,Gat,4,0,4,19,21.1,3,7,1.75,2,8,2.0,0,0,1,0,0,9,Dubé,Maxim,"Dubé, Maxim",12,https://assets.leaguestat.com/lhjmq/logos/50x50/12.png,214,qmjhl,2026-27 | Regular Season,2026,2027,2026-09-30T16:21:29.259527+00:00
21651,"Cloutier, Rafaël",LW,0,10,Rim,4,0,2,13,15.4,5,7,1.75,8,4,1.0,0,0,0,0,0,10,Cloutier,Rafaël,"Cloutier, Rafaël",18,https://assets.leaguestat.com/lhjmq/logos/18_214.png,214,qmjhl,2026-27 | Regular Season,2026,2027,2026-09-30T16:21:29.259527+00:00
20194,"Kilfoil, Liam",C,0,9,Mon,4,1,2,9,22.2,5,7,1.75,3,0,0.0,0,2,0,1,1,11,Kilfoil,Liam,"Kilfoil, Liam",1,https://assets.leaguestat.com/lhjmq/logos/1.png,214,qmjhl,2026-27 | Regular Season,2026,2027,2026-09-30T16:21:29.259527+00:00
21281,"Lygitsakos, Chad",C,0,72,Sha,4,0,2,8,25.0,5,7,1.75,-3,6,1.5,2,2,0,0,0,12,Lygitsakos,Chad,"Lygitsakos, Chad",13,https://assets.leaguestat.com/lhjmq/logos/13.png,214,qmjhl,2026-27 | Regular Season,2026,2027,2026-09-30T16:21:29.259527+00:00
23345,"Meyer, Carter",C,1,43,Que,4,0,1,8,12.5,6,7,1.75,4,8,2.0,0,4,0,0,0,13,Meyer,Carter,"Meyer, Carter",9,https://assets.leaguestat.com/lhjmq/logos/9.png,214,qmjhl,2026-27 | Regular Season,2026,2027,2026-09-30T16:21:29.259527+00:00
20447,"Tournas, Niko",RW,0,86,Mon,4,0,5,20,25.0,1,6,1.5,3,2,0.5,2,0,1,0,0,14,Tournas,Niko,"Tournas, Niko",1,https://assets.leaguestat.com/lhjmq/logos/1.png,214,qmjhl,2026-27 | Regular Season,2026,2027,2026-09-30T16:21:29.259527+00:00
23330,"Arsenault, Zack",RW,0,57,Rim,4,1,4,9,44.4,2,6,1.5,6,0,0.0,0,0,0,0,0,15,Arsenault,Zack,"Arsenault, Zack",18,https://assets.leaguestat.com/lhjmq/logos/18_214.png,214,qmjhl,2026-27 | Regular Season,2026,2027,2026-09-30T16:21:29.259527+00:00
21286,"Rozzi, Dylan",LW,0,8,SNB,4,0,4,13,30.8,2,6,1.5,-3,0,0.0,3,1,0,0,0,16,Rozzi,Dylan,"Rozzi, Dylan",8,https://assets.leaguestat.com/lhjmq/logos/50x50/8_214.png,214,qmjhl,2026-27 | Regular Season,2026,2027,2026-09-30T16:21:29.259527+00:00
23769,"Shilov, Egor",C,0,9,Vic,4,2,3,16,18.8,3,6,1.5,-1,0,0.0,0,2,0,0,0,17,Shilov,Egor,"Shilov, Egor",17,https://assets.leaguestat.com/lhjmq/logos/17.png,214,qmjhl,2026-27 | Regular Season,2026,2027,2026-09-30T16:21:29.259527+00:00
20179,"Chandler, Cole",C,0,86,Cap,4,0,1,12,8.3,5,6,1.5,-4,4,1.0,0,3,0,0,0,18,Chandler,Cole,"Chandler, Cole",3,https://assets.leaguestat.com/lhjmq/logos/3.png,214,qmjhl,2026-27 | Regular Season,2026,2027,2026-09-30T16:21:29.259527+00:00
20445,"Gould, Shayne",D,0,19,Mon,4,0,1,6,16.7,5,6,1.5,-1,4,1.0,0,4,0,0,0,19,Gould,Shayne,"Gould, Shayne",1,https://assets.leaguestat.com/lhjmq/logos/1.png,214,qmjhl,2026-27 | Regular Season,2026,2027,2026-09-30T16:21:29.259527+00:00
24665,"Frost, Matthew",LW,0,14,NFL,4,0,5,12,41.7,0,5,1.25,3,0,0.0,0,0,0,0,0,20,Frost,Matthew,"Frost, Matthew",2,https://assets.leaguestat.com/lhjmq/logos/2_214.png,214,qmjhl,2026-27 | Regular Season,2026,2027,2026-09-30T16:21:29.259527+00:00
19575,"Bellemare, Chad",RW,0,18,She,4,0,4,10,40.0,1,5,1.25,3,0,0.0,1,0,0,0,0,21,Bellemare,Chad,"Bellemare, Chad",60,https://assets.leaguestat.com/lhjmq/logos/50x50/60.png,214,qmjhl,2026-27 | Regular Season,2026,2027,2026-09-30T16:21:29.259527+00:00
19674,"Berthelot, Christophe",RW,0,8,Chi,4,2,4,12,33.3,1,5,1.25,4,0,0.0,0,0,1,0,0,22,Berthelot,Christophe,"Berthelot, Christophe",10,https://assets.leaguestat.com/lhjmq/logos/10.png,214,qmjhl,2026-27 | Regular Season,2026,2027,2026-09-30T16:21:29.259527+00:00
19547,"Michaud, Alexis",RW,0,95,NFL,4,1,4,13,30.8,1,5,1.25,4,0,0.0,0,0,0,0,0,23,Michaud,Alexis,"Michaud, Alexis",2,https://assets.leaguestat.com/lhjmq/logos/2_214.png,214,qmjhl,2026-27 | Regular Season,2026,2027,2026-09-30T16:21:29.259527+00:00
19527,"Desruisseaux, Thomas",C,0,17,Vic,4,0,3,9,33.3,2,5,1.25,-2,0,0.0,1,1,1,0,0,24,Desruisseaux,Thomas,"Desruisseaux, Thomas",17,https://assets.leaguestat.com/lhjmq/logos/17.png,214,qmjhl,2026-27 | Regular Season,2026,2027,2026-09-30T16:21:29.259527+00:00
19733,"Langlois, Nathan",C,0,71,Hal,4,0,3,14,21.4,2,5,1.25,2,2,0.5,2,0,0,0,1,25,Langlois,Nathan,"Langlois, Nathan",5,https://assets.leaguestat.com/lhjmq/logos/5_214.png,214,qmjhl,2026-27 | Regular Season,2026,2027,2026-09-30T16:21:29.259527+00:00
23339,"Lemaire, Deryk",RW,0,22,Vic,4,0,3,10,30.0,2,5,1.25,5,0,0.0,0,0,0,0,0,26,Lemaire,Deryk,"Lemaire, Deryk",17,https://assets.leaguestat.com/lhjmq/logos/17.png,214,qmjhl,2026-27 | Regular Season,2026,2027,2026-09-30T16:21:29.259527+00:00
19543,"Peitzsche, Reece",LW,0,21,Cap,4,1,3,14,21.4,2,5,1.25,3,7,1.75,0,0,0,0,1,27,Peitzsche,Reece,"Peitzsche, Reece",3,https://assets.leaguestat.com/lhjmq/logos/3.png,214,qmjhl,2026-27 | Regular Season,2026,2027,2026-09-30T16:21:29.259527+00:00
22020,"Belzil, Thomas",RW,0,17,Rim,3,0,2,7,28.6,3,5,1.67,2,4,1.33,1,0,0,0,0,28,Belzil,Thomas,"Belzil, Thomas",18,https://assets.leaguestat.com/lhjmq/logos/18_214.png,214,qmjhl,2026-27 | Regular Season,2026,2027,2026-09-30T16:21:29.259527+00:00
24244,"Brien, Max",C,1,77,Rim,4,0,2,7,28.6,3,5,1.25,3,8,2.0,0,0,0,0,0,29,Brien,Max,"Brien, Max",18,https://assets.leaguestat.com/lhjmq/logos/18_214.png,214,qmjhl,2026-27 | Regular Season,2026,2027,2026-09-30T16:21:29.259527+00:00
19531,"Brisson, Nathan",C,0,72,VdO,4,0,2,10,20.0,3,5,1.25,2,4,1.0,1,1,0,1,0,30,Brisson,Nathan,"Brisson, Nathan",15,https://assets.leaguestat.com/lhjmq/logos/15.png,214,qmjhl,2026-27 | Regular Season,2026,2027,2026-09-30T16:21:29.259527+00:00
23742,"Kovalcik, Filip",D,0,13,Dru,4,0,2,10,20.0,3,5,1.25,-2,6,1.5,0,1,0,0,0,31,Kovalcik,Filip,"Kovalcik, Filip",14,https://assets.leaguestat.com/lhjmq/logos/50x50/14.png,214,qmjhl,2026-27 | Regular Season,2026,2027,2026-09-30T16:21:29.259527+00:00
20167,"Lecompte, Nathan",C,0,42,Chi,4,0,2,14,14.3,3,5,1.25,-1,4,1.0,0,1,0,1,0,32,Lecompte,Nathan,"Lecompte, Nathan",10,https://assets.leaguestat.com/lhjmq/logos/10.png,214,qmjhl,2026-27 | Regular Season,2026,2027,2026-09-30T16:21:29.259527+00:00
19522,"Litalien, Eliot",C,0,19,Cap,4,0,2,15,13.3,3,5,1.25,0,10,2.5,0,1,0,0,0,33,Litalien,Eliot,"Litalien, Eliot",3,https://assets.leaguestat.com/lhjmq/logos/3.png,214,qmjhl,2026-27 | Regular Season,2026,2027,2026-09-30T16:21:29.259527+00:00
24569,"Mares, Maxmilian",C,1,91,Rim,4,1,2,11,18.2,3,5,1.25,4,2,0.5,0,0,0,0,0,34,Mares,Maxmilian,"Mares, Maxmilian",18,https://assets.leaguestat.com/lhjmq/logos/18_214.png,214,qmjhl,2026-27 | Regular Season,2026,2027,2026-09-30T16:21:29.259527+00:00
20200,"McKinnon, Noah",D,0,26,VdO,4,0,2,8,25.0,3,5,1.25,5,2,0.5,1,0,0,1,0,35,McKinnon,Noah,"McKinnon, Noah",15,https://assets.leaguestat.com/lhjmq/logos/15.png,214,qmjhl,2026-27 | Regular Season,2026,2027,2026-09-30T16:21:29.259527+00:00
21295,"Olivier, Benjamin",C,0,10,VdO,4,1,2,4,50.0,3,5,1.25,3,0,0.0,1,1,0,0,0,36,Olivier,Benjamin,"Olivier, Benjamin",15,https://assets.leaguestat.com/lhjmq/logos/15.png,214,qmjhl,2026-27 | Regular Season,2026,2027,2026-09-30T16:21:29.259527+00:00
21284,"Plouffe, Jayden",LW,0,37,She,4,1,2,16,12.5,3,5,1.25,3,4,1.0,2,1,0,0,0,37,Plouffe,Jayden,"Plouffe, Jayden",60,https://assets.leaguestat.com/lhjmq/logos/50x50/60.png,214,qmjhl,2026-27 | Regular Season,2026,2027,2026-09-30T16:21:29.259527+00:00
21307,"Rochon, Samuel",LW,0,51,She,4,1,2,10,20.0,3,5,1.25,4,2,0.5,0,0,0,0,0,38,Rochon,Samuel,"Rochon, Samuel",60,https://assets.leaguestat.com/lhjmq/logos/50x50/60.png,214,qmjhl,2026-27 | Regular Season,2026,2027,2026-09-30T16:21:29.259527+00:00
21392,"Taillefer, Alexandre",D,0,77,Que,3,0,1,6,16.7,4,5,1.67,2,0,0.0,0,3,0,0,0,39,Taillefer,Alexandre,"Taillefer, Alexandre",9,https://assets.leaguestat.com/lhjmq/logos/9.png,214,qmjhl,2026-27 | Regular Season,2026,2027,2026-09-30T16:21:29.259527+00:00
23356,"Beaulieu, Justin",D,0,27,Rim,4,0,1,10,10.0,4,5,1.25,5,6,1.5,0,2,0,0,0,40,Beaulieu,Justin,"Beaulieu, Justin",18,https://assets.leaguestat.com/lhjmq/logos/18_214.png,214,qmjhl,2026-27 | Regular Season,2026,2027,2026-09-30T16:21:29.259527+00:00
23338,"Héroux, Nolann",RW,0,81,VdO,4,0,1,11,9.1,4,5,1.25,3,0,0.0,0,2,0,0,0,41,Héroux,Nolann,"Héroux, Nolann",15,https://assets.leaguestat.com/lhjmq/logos/15.png,214,qmjhl,2026-27 | Regular Season,2026,2027,2026-09-30T16:21:29.259527+00:00
23764,"Kolmakov, Ilya",LW,0,19,She,4,0,1,3,33.3,4,5,1.25,2,2,0.5,1,3,0,0,0,42,Kolmakov,Ilya,"Kolmakov, Ilya",60,https://assets.leaguestat.com/lhjmq/logos/50x50/60.png,214,qmjhl,2026-27 | Regular Season,2026,2027,2026-09-30T16:21:29.259527+00:00
23346,"Pominville, Jayden",C,0,29,Rou,4,1,1,8,12.5,4,5,1.25,0,2,0.5,1,3,0,0,0,43,Pominville,Jayden,"Pominville, Jayden",11,https://assets.leaguestat.com/lhjmq/logos/50x50/11.png,214,qmjhl,2026-27 | Regular Season,2026,2027,2026-09-30T16:21:29.259527+00:00
23333,"Veitch, Benjamin",LW,0,88,NFL,4,0,1,14,7.1,4,5,1.25,4,9,2.25,0,0,0,0,0,44,Veitch,Benjamin,"Veitch, Benjamin",2,https://assets.leaguestat.com/lhjmq/logos/2_214.png,214,qmjhl,2026-27 | Regular Season,2026,2027,2026-09-30T16:21:29.259527+00:00
20183,"Conrad, Owen",D,0,10,Cha,4,0,0,12,0.0,5,5,1.25,3,2,0.5,0,1,0,0,0,45,Conrad,Owen,"Conrad, Owen",7,https://assets.leaguestat.com/lhjmq/logos/7.png,214,qmjhl,2026-27 | Regular Season,2026,2027,2026-09-30T16:21:29.259527+00:00
23331,"L'Italien, Malik",D,0,77,Hal,4,0,0,6,0.0,5,5,1.25,2,2,0.5,0,2,0,0,0,46,L'Italien,Malik,"L'Italien, Malik",5,https://assets.leaguestat.com/lhjmq/logos/5_214.png,214,qmjhl,2026-27 | Regular Season,2026,2027,2026-09-30T16:21:29.259527+00:00
20231,"St-Laurent, Antoine",D,0,5,Rou,4,0,0,11,0.0,5,5,1.25,-4,2,0.5,0,4,0,0,0,47,St-Laurent,Antoine,"St-Laurent, Antoine",11,https://assets.leaguestat.com/lhjmq/logos/50x50/11.png,214,qmjhl,2026-27 | Regular Season,2026,2027,2026-09-30T16:21:29.259527+00:00
21292,"Cyr, Simon-Xavier",C,0,91,Gat,2,0,3,9,33.3,1,4,2.0,0,2,1.0,0,1,1,0,0,48,Cyr,Simon-Xavier,"Cyr, Simon-Xavier",12,https://assets.leaguestat.com/lhjmq/logos/50x50/12.png,214,qmjhl,2026-27 | Regular Season,2026,2027,2026-09-30T16:21:29.259527+00:00
19589,"Beauchemin, Samuel",C,0,11,Rou,4,0,3,10,30.0,1,4,1.0,0,0,0.0,3,1,0,0,0,49,Beauchemin,Samuel,"Beauchemin, Samuel",11,https://assets.leaguestat.com/lhjmq/logos/50x50/11.png,214,qmjhl,2026-27 | Regular Season,2026,2027,2026-09-30T16:21:29.259527+00:00
19680,"Boudreau, Antoine",LW,0,29,Cha,4,0,3,11,27.3,1,4,1.0,2,0,0.0,0,0,0,0,0,50,Boudreau,Antoine,"Boudreau, Antoine",7,https://assets.leaguestat.com/lhjmq/logos/7.png,214,qmjhl,2026-27 | Regular Season,2026,2027,2026-09-30T16:21:29.259527+00:00
23957,"Brosnan, Myles",D,0,3,Mon,4,1,3,9,33.3,1,4,1.0,1,4,1.0,2,1,0,0,0,51,Brosnan,Myles,"Brosnan, Myles",1,https://assets.leaguestat.com/lhjmq/logos/1.png,214,qmjhl,2026-27 | Regular Season,2026,2027,2026-09-30T16:21:29.259527+00:00
24248,"McKinnon, Jacob",LW,1,26,BLB,4,2,3,15,20.0,1,4,1.0,1,0,0.0,2,0,0,0,0,52,McKinnon,Jacob,"McKinnon, Jacob",19,https://assets.leaguestat.com/lhjmq/logos/19.png,214,qmjhl,2026-27 | Regular Season,2026,2027,2026-09-30T16:21:29.259527+00:00
23736,"Sauthier, Maxime",C,0,88,VdO,4,1,3,16,18.8,1,4,1.0,4,2,0.5,0,0,0,0,0,53,Sauthier,Maxime,"Sauthier, Maxime",15,https://assets.leaguestat.com/lhjmq/logos/15.png,214,qmjhl,2026-27 | Regular Season,2026,2027,2026-09-30T16:21:29.259527+00:00
21279,"Dagenais, Maddox",RW,0,26,Que,2,0,2,11,18.2,2,4,2.0,2,2,1.0,0,1,0,0,0,54,Dagenais,Maddox,"Dagenais, Maddox",9,https://assets.leaguestat.com/lhjmq/logos/9.png,214,qmjhl,2026-27 | Regular Season,2026,2027,2026-09-30T16:21:29.259527+00:00
20413,"Donovan, Alexander",RW,0,9,SNB,4,0,2,14,14.3,2,4,1.0,-1,2,0.5,2,1,0,0,0,55,Donovan,Alexander,"Donovan, Alexander",8,https://assets.leaguestat.com/lhjmq/logos/50x50/8_214.png,214,qmjhl,2026-27 | Regular Season,2026,2027,2026-09-30T16:21:29.259527+00:00
24249,"Lemieux, Pierre-Alexandre",C,1,86,Sha,4,1,2,9,22.2,2,4,1.0,-1,2,0.5,0,1,0,0,0,56,Lemieux,Pierre-Alexandre,"Lemieux, Pierre-Alexandre",13,https://assets.leaguestat.com/lhjmq/logos/13.png,214,qmjhl,2026-27 | Regular Season,2026,2027,2026-09-30T16:21:29.259527+00:00
21291,"Rousseau, Thomas",C,0,91,She,4,0,2,15,13.3,2,4,1.0,4,8,2.0,0,0,0,0,0,57,Rousseau,Thomas,"Rousseau, Thomas",60,https://assets.leaguestat.com/lhjmq/logos/50x50/60.png,214,qmjhl,2026-27 | Regular Season,2026,2027,2026-09-30T16:21:29.259527+00:00
23762,"Schneider, Elias",LW,0,9,Cap,4,0,2,12,16.7,2,4,1.0,-2,4,1.0,1,2,0,0,0,58,Schneider,Elias,"Schneider, Elias",3,https://assets.leaguestat.com/lhjmq/logos/3.png,214,qmjhl,2026-27 | Regular Season,2026,2027,2026-09-30T16:21:29.259527+00:00
24579,"Shtyrkhunov, Vladimir",D,1,78,Sha,4,0,2,13,15.4,2,4,1.0,-6,4,1.0,0,2,0,0,0,59,Shtyrkhunov,Vladimir,"Shtyrkhunov, Vladimir",13,https://assets.leaguestat.com/lhjmq/logos/13.png,214,qmjhl,2026-27 | Regular Season,2026,2027,2026-09-30T16:21:29.259527+00:00
23770,"Vlasov, Alexey",RW,0,71,Vic,4,0,2,18,11.1,2,4,1.0,-4,2,0.5,1,2,0,0,0,60,Vlasov,Alexey,"Vlasov, Alexey",17,https://assets.leaguestat.com/lhjmq/logos/17.png,214,qmjhl,2026-27 | Regular Season,2026,2027,2026-09-30T16:21:29.259527+00:00
19592,"Butler, Matthew",C,0,13,Cha,4,0,1,5,20.0,3,4,1.0,3,2,0.5,0,1,0,0,0,61,Butler,Matthew,"Butler, Matthew",7,https://assets.leaguestat.com/lhjmq/logos/7.png,214,qmjhl,2026-27 | Regular Season,2026,2027,2026-09-30T16:21:29.259527+00:00
21316,"El Khouri, Niko",RW,0,10,Rou,4,0,1,8,12.5,3,4,1.0,1,0,0.0,0,3,0,0,0,62,El Khouri,Niko,"El Khouri, Niko",11,https://assets.leaguestat.com/lhjmq/logos/50x50/11.png,214,qmjhl,2026-27 | Regular Season,2026,2027,2026-09-30T16:21:29.259527+00:00
23329,"Joseph, Alexis",C,0,19,SNB,4,0,1,19,5.3,3,4,1.0,-1,2,0.5,0,2,0,0,0,63,Joseph,Alexis,"Joseph, Alexis",8,https://assets.leaguestat.com/lhjmq/logos/50x50/8_214.png,214,qmjhl,2026-27 | Regular Season,2026,2027,2026-09-30T16:21:29.259527+00:00
23530,"Pellegrino, Caiden",C,1,8,Rim,4,0,1,4,25.0,3,4,1.0,2,0,0.0,0,1,0,0,0,64,Pellegrino,Caiden,"Pellegrino, Caiden",18,https://assets.leaguestat.com/lhjmq/logos/18_214.png,214,qmjhl,2026-27 | Regular Season,2026,2027,2026-09-30T16:21:29.259527+00:00
24465,"Terglav, Darcy",C,1,91,Chi,4,0,1,8,12.5,3,4,1.0,3,2,0.5,1,0,0,0,0,65,Terglav,Darcy,"Terglav, Darcy",10,https://assets.leaguestat.com/lhjmq/logos/10.png,214,qmjhl,2026-27 | Regular Season,2026,2027,2026-09-30T16:21:29.259527+00:00
23497,"Turcot, Jérémy",C,1,76,Rim,4,0,1,5,20.0,3,4,1.0,2,0,0.0,0,0,0,0,0,66,Turcot,Jérémy,"Turcot, Jérémy",18,https://assets.leaguestat.com/lhjmq/logos/18_214.png,214,qmjhl,2026-27 | Regular Season,2026,2027,2026-09-30T16:21:29.259527+00:00
23384,"Beck, Kurt",D,1,2,She,4,0,0,1,0.0,4,4,1.0,5,6,1.5,0,0,0,0,0,67,Beck,Kurt,"Beck, Kurt",60,https://assets.leaguestat.com/lhjmq/logos/50x50/60.png,214,qmjhl,2026-27 | Regular Season,2026,2027,2026-09-30T16:21:29.259527+00:00
20184,"Bélanger, Louis-François",C,0,18,NFL,4,0,0,3,0.0,4,4,1.0,4,0,0.0,0,0,0,0,0,68,Bélanger,Louis-François,"Bélanger, Louis-François",2,https://assets.leaguestat.com/lhjmq/logos/2_214.png,214,qmjhl,2026-27 | Regular Season,2026,2027,2026-09-30T16:21:29.259527+00:00
24572,"Cancik, Matyas",C,1,21,SNB,4,0,0,4,0.0,4,4,1.0,2,9,2.25,0,1,0,0,0,69,Cancik,Matyas,"Cancik, Matyas",8,https://assets.leaguestat.com/lhjmq/logos/50x50/8_214.png,214,qmjhl,2026-27 | Regular Season,2026,2027,2026-09-30T16:21:29.259527+00:00
21299,"Myloserdnyy, Michel",D,0,5,Gat,4,0,0,5,0.0,4,4,1.0,5,2,0.5,0,0,0,1,0,70,Myloserdnyy,Michel,"Myloserdnyy, Michel",12,https://assets.leaguestat.com/lhjmq/logos/50x50/12.png,214,qmjhl,2026-27 | Regular Season,2026,2027,2026-09-30T16:21:29.259527+00:00
20176,"Tremblay, Louis-Alex",D,0,77,She,4,0,0,12,0.0,4,4,1.0,0,6,1.5,0,3,0,0,0,71,Tremblay,Louis-Alex,"Tremblay, Louis-Alex",60,https://assets.leaguestat.com/lhjmq/logos/50x50/60.png,214,qmjhl,2026-27 | Regular Season,2026,2027,2026-09-30T16:21:29.259527+00:00
23344,"Nolette-Robidoux, Emrick",RW,1,15,She,4,0,3,6,50.0,0,3,0.75,0,0,0.0,2,0,0,0,0,72,Nolette-Robidoux,Emrick,"Nolette-Robidoux, Emrick",60,https://assets.leaguestat.com/lhjmq/logos/50x50/60.png,214,qmjhl,2026-27 | Regular Season,2026,2027,2026-09-30T16:21:29.259527+00:00
23335,"Provencher, Antoine",C,0,17,Cha,4,1,3,9,33.3,0,3,0.75,2,2,0.5,0,0,0,0,0,73,Provencher,Antoine,"Provencher, Antoine",7,https://assets.leaguestat.com/lhjmq/logos/7.png,214,qmjhl,2026-27 | Regular Season,2026,2027,2026-09-30T16:21:29.259527+00:00
20271,"Dufour, Hugo",RW,0,28,Dru,2,0,2,8,25.0,1,3,1.5,-1,2,1.0,0,1,0,0,0,74,Dufour,Hugo,"Dufour, Hugo",14,https://assets.leaguestat.com/lhjmq/logos/50x50/14.png,214,qmjhl,2026-27 | Regular Season,2026,2027,2026-09-30T16:21:29.259527+00:00
24638,"Schaaf, A.J.",RW,0,21,Rim,3,0,2,9,22.2,1,3,1.0,3,2,0.67,0,0,1,0,0,75,Schaaf,A.J.,"Schaaf, A.J.",18,https://assets.leaguestat.com/lhjmq/logos/18_214.png,214,qmjhl,2026-27 | Regular Season,2026,2027,2026-09-30T16:21:29.259527+00:00
19591,"Gosselin, Matt",C,0,11,BLB,4,0,2,10,20.0,1,3,0.75,1,4,1.0,0,0,0,0,0,76,Gosselin,Matt,"Gosselin, Matt",19,https://assets.leaguestat.com/lhjmq/logos/19.png,214,qmjhl,2026-27 | Regular Season,2026,2027,2026-09-30T16:21:29.259527+00:00
21368,"Hartlin, Jacob",RW,0,22,Cap,4,0,2,16,12.5,1,3,0.75,-5,2,0.5,1,0,0,0,0,77,Hartlin,Jacob,"Hartlin, Jacob",3,https://assets.leaguestat.com/lhjmq/logos/3.png,214,qmjhl,2026-27 | Regular Season,2026,2027,2026-09-30T16:21:29.259527+00:00
24573,"Holejšovský, Josef",LW,1,27,VdO,4,0,2,11,18.2,1,3,0.75,3,2,0.5,0,0,0,0,0,78,Holejšovský,Josef,"Holejšovský, Josef",15,https://assets.leaguestat.com/lhjmq/logos/15.png,214,qmjhl,2026-27 | Regular Season,2026,2027,2026-09-30T16:21:29.259527+00:00
21608,"Korneyev, Korney",RW,0,72,BLB,4,0,2,7,28.6,1,3,0.75,0,2,0.5,1,1,0,0,0,79,Korneyev,Korney,"Korneyev, Korney",19,https://assets.leaguestat.com/lhjmq/logos/19.png,214,qmjhl,2026-27 | Regular Season,2026,2027,2026-09-30T16:21:29.259527+00:00
24594,"Kuzminykh, Ilya",C,1,55,She,4,0,2,7,28.6,1,3,0.75,1,0,0.0,0,1,0,0,0,80,Kuzminykh,Ilya,"Kuzminykh, Ilya",60,https://assets.leaguestat.com/lhjmq/logos/50x50/60.png,214,qmjhl,2026-27 | Regular Season,2026,2027,2026-09-30T16:21:29.259527+00:00
24067,"Legostaev, Peter",RW,0,61,Gat,4,0,2,7,28.6,1,3,0.75,1,0,0.0,0,0,0,0,0,81,Legostaev,Peter,"Legostaev, Peter",12,https://assets.leaguestat.com/lhjmq/logos/50x50/12.png,214,qmjhl,2026-27 | Regular Season,2026,2027,2026-09-30T16:21:29.259527+00:00
23876,"Martin, Andrew",LW,1,23,She,4,1,2,7,28.6,1,3,0.75,3,2,0.5,0,0,0,0,0,82,Martin,Andrew,"Martin, Andrew",60,https://assets.leaguestat.com/lhjmq/logos/50x50/60.png,214,qmjhl,2026-27 | Regular Season,2026,2027,2026-09-30T16:21:29.259527+00:00
19562,"Pilote, Dominic",LW,0,72,BaC,4,0,2,7,28.6,1,3,0.75,-5,6,1.5,0,0,0,0,0,83,Pilote,Dominic,"Pilote, Dominic",16,https://assets.leaguestat.com/lhjmq/logos/16.png,214,qmjhl,2026-27 | Regular Season,2026,2027,2026-09-30T16:21:29.259527+00:00
20508,"Séguin, Gabriel",LW,0,18,Gat,4,1,2,11,18.2,1,3,0.75,3,10,2.5,1,0,0,0,0,84,Séguin,Gabriel,"Séguin, Gabriel",12,https://assets.leaguestat.com/lhjmq/logos/50x50/12.png,214,qmjhl,2026-27 | Regular Season,2026,2027,2026-09-30T16:21:29.259527+00:00
20212,"Sturgeon, Connor",D,0,3,Rim,4,0,2,9,22.2,1,3,0.75,5,4,1.0,0,0,0,0,0,85,Sturgeon,Connor,"Sturgeon, Connor",18,https://assets.leaguestat.com/lhjmq/logos/18_214.png,214,qmjhl,2026-27 | Regular Season,2026,2027,2026-09-30T16:21:29.259527+00:00
23992,"Berehowsky, Daniel",RW,0,44,Chi,2,0,1,3,33.3,2,3,1.5,1,0,0.0,1,1,0,0,0,86,Berehowsky,Daniel,"Berehowsky, Daniel",10,https://assets.leaguestat.com/lhjmq/logos/10.png,214,qmjhl,2026-27 | Regular Season,2026,2027,2026-09-30T16:21:29.259527+00:00
23343,"Bergeron, Frédéric",C,0,37,Sha,2,0,1,3,33.3,2,3,1.5,-6,2,1.0,1,2,0,0,0,87,Bergeron,Frédéric,"Bergeron, Frédéric",13,https://assets.leaguestat.com/lhjmq/logos/13.png,214,qmjhl,2026-27 | Regular Season,2026,2027,2026-09-30T16:21:29.259527+00:00
23412,"Guévin, Alexis",LW,1,21,Vic,3,0,1,3,33.3,2,3,1.0,-3,4,1.33,1,0,0,0,0,88,Guévin,Alexis,"Guévin, Alexis",17,https://assets.leaguestat.com/lhjmq/logos/17.png,214,qmjhl,2026-27 | Regular Season,2026,2027,2026-09-30T16:21:29.259527+00:00
21351,"Benigno, Charlie",LW,0,14,Mon,4,0,1,7,14.3,2,3,0.75,2,8,2.0,0,0,0,0,0,89,Benigno,Charlie,"Benigno, Charlie",1,https://assets.leaguestat.com/lhjmq/logos/1.png,214,qmjhl,2026-27 | Regular Season,2026,2027,2026-09-30T16:21:29.259527+00:00
24682,"Blace, Wyatt",C,0,17,Mon,4,0,1,6,16.7,2,3,0.75,-1,0,0.0,0,0,0,0,0,90,Blace,Wyatt,"Blace, Wyatt",1,https://assets.leaguestat.com/lhjmq/logos/1.png,214,qmjhl,2026-27 | Regular Season,2026,2027,2026-09-30T16:21:29.259527+00:00
21519,"Bourque-Vigneault, Malik",D,1,63,Rim,4,1,1,9,11.1,2,3,0.75,4,2,0.5,0,0,0,0,0,91,Bourque-Vigneault,Malik,"Bourque-Vigneault, Malik",18,https://assets.leaguestat.com/lhjmq/logos/18_214.png,214,qmjhl,2026-27 | Regular Season,2026,2027,2026-09-30T16:21:29.259527+00:00
21481,"Collin, Giovanni",RW,0,90,BLB,4,0,1,12,8.3,2,3,0.75,0,4,1.0,0,0,0,0,0,92,Collin,Giovanni,"Collin, Giovanni",19,https://assets.leaguestat.com/lhjmq/logos/19.png,214,qmjhl,2026-27 | Regular Season,2026,2027,2026-09-30T16:21:29.259527+00:00
24253,"Gagnon, Justin",RW,1,20,Rim,4,0,1,12,8.3,2,3,0.75,3,0,0.0,0,1,0,0,0,93,Gagnon,Justin,"Gagnon, Justin",18,https://assets.leaguestat.com/lhjmq/logos/18_214.png,214,qmjhl,2026-27 | Regular Season,2026,2027,2026-09-30T16:21:29.259527+00:00
20177,"Goguen, Tyson",C,0,29,NFL,4,0,1,7,14.3,2,3,0.75,3,4,1.0,0,0,0,0,0,94,Goguen,Tyson,"Goguen, Tyson",2,https://assets.leaguestat.com/lhjmq/logos/2_214.png,214,qmjhl,2026-27 | Regular Season,2026,2027,2026-09-30T16:21:29.259527+00:00
20185,"Groulx, Olivier",C,0,86,SNB,4,0,1,15,6.7,2,3,0.75,0,2,0.5,0,1,0,0,0,95,Groulx,Olivier,"Groulx, Olivier",8,https://assets.leaguestat.com/lhjmq/logos/50x50/8_214.png,214,qmjhl,2026-27 | Regular Season,2026,2027,2026-09-30T16:21:29.259527+00:00
23735,"Jennersjo, Torkel",LW,0,2,BLB,4,0,1,11,9.1,2,3,0.75,1,8,2.0,0,1,0,0,0,96,Jennersjo,Torkel,"Jennersjo, Torkel",19,https://assets.leaguestat.com/lhjmq/logos/19.png,214,qmjhl,2026-27 | Regular Season,2026,2027,2026-09-30T16:21:29.259527+00:00
24078,"Kaldenbach, Brayden",D,0,2,Chi,4,0,1,7,14.3,2,3,0.75,2,8,2.0,0,0,0,0,0,97,Kaldenbach,Brayden,"Kaldenbach, Brayden",10,https://assets.leaguestat.com/lhjmq/logos/10.png,214,qmjhl,2026-27 | Regular Season,2026,2027,2026-09-30T16:21:29.259527+00:00
24598,"Kubantsev, Dmitry",RW,1,7,NFL,4,0,1,4,25.0,2,3,0.75,2,0,0.0,0,0,0,0,0,98,Kubantsev,Dmitry,"Kubantsev, Dmitry",2,https://assets.leaguestat.com/lhjmq/logos/2_214.png,214,qmjhl,2026-27 | Regular Season,2026,2027,2026-09-30T16:21:29.259527+00:00
19553,"Lemieux, Olivier",RW,0,92,SNB,4,0,1,5,20.0,2,3,0.75,0,6,1.5,0,0,0,0,0,99,Lemieux,Olivier,"Lemieux, Olivier",8,https://assets.leaguestat.com/lhjmq/logos/50x50/8_214.png,214,qmjhl,2026-27 | Regular Season,2026,2027,2026-09-30T16:21:29.259527+00:00
24568,"Sintschnig, Paul",LW,1,11,Hal,4,0,1,9,11.1,2,3,0.75,-1,4,1.0,0,1,0,0,0,100,Sintschnig,Paul,"Sintschnig, Paul",5,https://assets.leaguestat.com/lhjmq/logos/5_214.png,214,qmjhl,2026-27 | Regular Season,2026,2027,2026-09-30T16:21:29.259527+00:00
20219,"Benoit, Robin",C,0,15,BaC,4,0,0,7,0.0,3,3,0.75,-3,4,1.0,0,0,0,0,0,101,Benoit,Robin,"Benoit, Robin",16,https://assets.leaguestat.com/lhjmq/logos/16.png,214,qmjhl,2026-27 | Regular Season,2026,2027,2026-09-30T16:21:29.259527+00:00
20190,"Blais, Justin",D,0,12,Gat,4,0,0,7,0.0,3,3,0.75,3,2,0.5,0,0,0,0,0,102,Blais,Justin,"Blais, Justin",12,https://assets.leaguestat.com/lhjmq/logos/50x50/12.png,214,qmjhl,2026-27 | Regular Season,2026,2027,2026-09-30T16:21:29.259527+00:00
23364,"Dubé, William",D,1,25,Chi,4,0,0,5,0.0,3,3,0.75,-1,0,0.0,0,2,0,0,0,103,Dubé,William,"Dubé, William",10,https://assets.leaguestat.com/lhjmq/logos/10.png,214,qmjhl,2026-27 | Regular Season,2026,2027,2026-09-30T16:21:29.259527+00:00
19626,"Filaj, Olivier",D,0,6,BLB,4,0,0,1,0.0,3,3,0.75,2,6,1.5,0,1,0,0,0,104,Filaj,Olivier,"Filaj, Olivier",19,https://assets.leaguestat.com/lhjmq/logos/19.png,214,qmjhl,2026-27 | Regular Season,2026,2027,2026-09-30T16:21:29.259527+00:00
21298,"Florent, Noah",RW,0,22,Gat,4,0,0,17,0.0,3,3,0.75,3,0,0.0,0,0,0,0,0,105,Florent,Noah,"Florent, Noah",12,https://assets.leaguestat.com/lhjmq/logos/50x50/12.png,214,qmjhl,2026-27 | Regular Season,2026,2027,2026-09-30T16:21:29.259527+00:00
21366,"Glance, Jamie",RW,1,17,SNB,4,0,0,14,0.0,3,3,0.75,-2,0,0.0,0,1,0,0,0,106,Glance,Jamie,"Glance, Jamie",8,https://assets.leaguestat.com/lhjmq/logos/50x50/8_214.png,214,qmjhl,2026-27 | Regular Season,2026,2027,2026-09-30T16:21:29.259527+00:00
20317,"Lepage, Mathéo",D,0,44,Vic,4,0,0,6,0.0,3,3,0.75,2,2,0.5,0,1,0,1,0,107,Lepage,Mathéo,"Lepage, Mathéo",17,https://assets.leaguestat.com/lhjmq/logos/17.png,214,qmjhl,2026-27 | Regular Season,2026,2027,2026-09-30T16:21:29.259527+00:00
21344,"McCullough, Aiden",D,0,65,Cap,4,0,0,5,0.0,3,3,0.75,0,4,1.0,0,0,0,0,0,108,McCullough,Aiden,"McCullough, Aiden",3,https://assets.leaguestat.com/lhjmq/logos/3.png,214,qmjhl,2026-27 | Regular Season,2026,2027,2026-09-30T16:21:29.259527+00:00
23366,"Michaud, Bastien",D,1,2,Que,4,0,0,4,0.0,3,3,0.75,2,2,0.5,0,0,0,0,0,109,Michaud,Bastien,"Michaud, Bastien",9,https://assets.leaguestat.com/lhjmq/logos/9.png,214,qmjhl,2026-27 | Regular Season,2026,2027,2026-09-30T16:21:29.259527+00:00
21465,"Poirier, Loïc",LW,0,88,Chi,4,0,0,11,0.0,3,3,0.75,1,2,0.5,0,1,0,0,0,110,Poirier,Loïc,"Poirier, Loïc",10,https://assets.leaguestat.com/lhjmq/logos/10.png,214,qmjhl,2026-27 | Regular Season,2026,2027,2026-09-30T16:21:29.259527+00:00
24499,"Reynolds, Brayden",RW,1,81,Cap,4,0,0,5,0.0,3,3,0.75,-2,2,0.5,0,2,0,0,0,111,Reynolds,Brayden,"Reynolds, Brayden",3,https://assets.leaguestat.com/lhjmq/logos/3.png,214,qmjhl,2026-27 | Regular Season,2026,2027,2026-09-30T16:21:29.259527+00:00
20263,"Rioux, Benjamin",D,0,6,Rim,4,0,0,9,0.0,3,3,0.75,8,2,0.5,0,0,0,0,0,112,Rioux,Benjamin,"Rioux, Benjamin",18,https://assets.leaguestat.com/lhjmq/logos/18_214.png,214,qmjhl,2026-27 | Regular Season,2026,2027,2026-09-30T16:21:29.259527+00:00
24250,"Royer, Jakob",C,1,37,Vic,4,0,0,3,0.0,3,3,0.75,0,8,2.0,0,0,0,0,0,113,Royer,Jakob,"Royer, Jakob",17,https://assets.leaguestat.com/lhjmq/logos/17.png,214,qmjhl,2026-27 | Regular Season,2026,2027,2026-09-30T16:21:29.259527+00:00
20228,"Tassé, Yoan",RW,0,88,Dru,4,0,0,5,0.0,3,3,0.75,0,2,0.5,0,0,0,0,0,114,Tassé,Yoan,"Tassé, Yoan",14,https://assets.leaguestat.com/lhjmq/logos/50x50/14.png,214,qmjhl,2026-27 | Regular Season,2026,2027,2026-09-30T16:21:29.259527+00:00
20166,"Nobert, Mateo",C,0,16,Hal,2,1,2,10,20.0,0,2,1.0,-2,0,0.0,0,0,0,0,0,115,Nobert,Mateo,"Nobert, Mateo",5,https://assets.leaguestat.com/lhjmq/logos/5_214.png,214,qmjhl,2026-27 | Regular Season,2026,2027,2026-09-30T16:21:29.259527+00:00
21348,"Kirkwood, Aiden",LW,0,29,BaC,3,0,2,5,40.0,0,2,0.67,-3,0,0.0,0,0,0,0,0,116,Kirkwood,Aiden,"Kirkwood, Aiden",16,https://assets.leaguestat.com/lhjmq/logos/16.png,214,qmjhl,2026-27 | Regular Season,2026,2027,2026-09-30T16:21:29.259527+00:00
23332,"Charbonneau, Thomas",D,0,27,SNB,4,0,2,5,40.0,0,2,0.5,3,0,0.0,0,0,0,0,0,117,Charbonneau,Thomas,"Charbonneau, Thomas",8,https://assets.leaguestat.com/lhjmq/logos/50x50/8_214.png,214,qmjhl,2026-27 | Regular Season,2026,2027,2026-09-30T16:21:29.259527+00:00
23359,"Duskocy, Nolan",RW,0,88,Cha,4,0,2,10,20.0,0,2,0.5,1,2,0.5,1,0,0,0,0,118,Duskocy,Nolan,"Duskocy, Nolan",7,https://assets.leaguestat.com/lhjmq/logos/7.png,214,qmjhl,2026-27 | Regular Season,2026,2027,2026-09-30T16:21:29.259527+00:00
23972,"Eccleston, Kimani",C,0,82,Cha,4,0,2,11,18.2,0,2,0.5,1,2,0.5,0,0,0,0,0,119,Eccleston,Kimani,"Eccleston, Kimani",7,https://assets.leaguestat.com/lhjmq/logos/7.png,214,qmjhl,2026-27 | Regular Season,2026,2027,2026-09-30T16:21:29.259527+00:00
24102,"Mohesky, Andrew",LW,1,94,Chi,4,0,2,10,20.0,0,2,0.5,0,2,0.5,1,0,0,0,0,120,Mohesky,Andrew,"Mohesky, Andrew",10,https://assets.leaguestat.com/lhjmq/logos/10.png,214,qmjhl,2026-27 | Regular Season,2026,2027,2026-09-30T16:21:29.259527+00:00
23389,"Morin, Dérik",RW,1,96,Dru,4,0,2,12,16.7,0,2,0.5,-3,0,0.0,0,0,0,0,0,121,Morin,Dérik,"Morin, Dérik",14,https://assets.leaguestat.com/lhjmq/logos/50x50/14.png,214,qmjhl,2026-27 | Regular Season,2026,2027,2026-09-30T16:21:29.259527+00:00
21336,"Pigeon, Charles",C,0,93,Gat,4,0,2,6,33.3,0,2,0.5,0,6,1.5,0,0,0,0,0,122,Pigeon,Charles,"Pigeon, Charles",12,https://assets.leaguestat.com/lhjmq/logos/50x50/12.png,214,qmjhl,2026-27 | Regular Season,2026,2027,2026-09-30T16:21:29.259527+00:00
21302,"Rousseau, Jayden",LW,0,72,Dru,4,0,2,8,25.0,0,2,0.5,-3,0,0.0,0,0,0,0,0,123,Rousseau,Jayden,"Rousseau, Jayden",14,https://assets.leaguestat.com/lhjmq/logos/50x50/14.png,214,qmjhl,2026-27 | Regular Season,2026,2027,2026-09-30T16:21:29.259527+00:00
22095,"Lefebvre, Liam",RW,0,39,Cap,2,0,1,8,12.5,1,2,1.0,1,2,1.0,1,0,0,0,0,124,Lefebvre,Liam,"Lefebvre, Liam",3,https://assets.leaguestat.com/lhjmq/logos/3.png,214,qmjhl,2026-27 | Regular Season,2026,2027,2026-09-30T16:21:29.259527+00:00
24604,"Dobrovolny, Johannes",C,1,20,BaC,3,0,1,4,25.0,1,2,0.67,-2,0,0.0,0,0,0,0,0,125,Dobrovolny,Johannes,"Dobrovolny, Johannes",16,https://assets.leaguestat.com/lhjmq/logos/16.png,214,qmjhl,2026-27 | Regular Season,2026,2027,2026-09-30T16:21:29.259527+00:00
23378,"Armit, Liam",RW,0,19,BaC,4,0,1,12,8.3,1,2,0.5,-4,4,1.0,0,0,0,0,0,126,Armit,Liam,"Armit, Liam",16,https://assets.leaguestat.com/lhjmq/logos/16.png,214,qmjhl,2026-27 | Regular Season,2026,2027,2026-09-30T16:21:29.259527+00:00
23395,"Desroches, Alexis",RW,1,27,Vic,4,0,1,4,25.0,1,2,0.5,-2,4,1.0,0,0,0,0,0,127,Desroches,Alexis,"Desroches, Alexis",17,https://assets.leaguestat.com/lhjmq/logos/17.png,214,qmjhl,2026-27 | Regular Season,2026,2027,2026-09-30T16:21:29.259527+00:00
19737,"Drolet, Maxime-Olivier",C,0,9,Dru,4,0,1,9,11.1,1,2,0.5,-1,6,1.5,1,0,0,0,0,128,Drolet,Maxime-Olivier,"Drolet, Maxime-Olivier",14,https://assets.leaguestat.com/lhjmq/logos/50x50/14.png,214,qmjhl,2026-27 | Regular Season,2026,2027,2026-09-30T16:21:29.259527+00:00
21364,"Dubé, Charles-Antoine",C,0,24,Que,4,0,1,7,14.3,1,2,0.5,-1,2,0.5,0,0,0,0,0,129,Dubé,Charles-Antoine,"Dubé, Charles-Antoine",9,https://assets.leaguestat.com/lhjmq/logos/9.png,214,qmjhl,2026-27 | Regular Season,2026,2027,2026-09-30T16:21:29.259527+00:00
24496,"Dufour, Mathis",RW,0,19,Chi,4,0,1,14,7.1,1,2,0.5,-1,0,0.0,1,1,0,0,0,130,Dufour,Mathis,"Dufour, Mathis",10,https://assets.leaguestat.com/lhjmq/logos/10.png,214,qmjhl,2026-27 | Regular Season,2026,2027,2026-09-30T16:21:29.259527+00:00
21375,"Girard, Benjamin",D,0,55,NFL,4,0,1,1,100.0,1,2,0.5,5,2,0.5,0,0,0,0,0,131,Girard,Benjamin,"Girard, Benjamin",2,https://assets.leaguestat.com/lhjmq/logos/2_214.png,214,qmjhl,2026-27 | Regular Season,2026,2027,2026-09-30T16:21:29.259527+00:00
23340,"Halley, Louis-Étienne",RW,0,9,Gat,4,0,1,7,14.3,1,2,0.5,2,0,0.0,0,0,0,0,0,132,Halley,Louis-Étienne,"Halley, Louis-Étienne",12,https://assets.leaguestat.com/lhjmq/logos/50x50/12.png,214,qmjhl,2026-27 | Regular Season,2026,2027,2026-09-30T16:21:29.259527+00:00
23653,"Jettelson, Noah",D,0,23,Cap,4,0,1,9,11.1,1,2,0.5,-3,4,1.0,1,1,0,0,0,133,Jettelson,Noah,"Jettelson, Noah",3,https://assets.leaguestat.com/lhjmq/logos/3.png,214,qmjhl,2026-27 | Regular Season,2026,2027,2026-09-30T16:21:29.259527+00:00
23737,"Klaus, Adam",LW,0,28,Cap,4,0,1,5,20.0,1,2,0.5,-2,2,0.5,1,0,0,0,0,134,Klaus,Adam,"Klaus, Adam",3,https://assets.leaguestat.com/lhjmq/logos/3.png,214,qmjhl,2026-27 | Regular Season,2026,2027,2026-09-30T16:21:29.259527+00:00
20306,"Laforest, Charles",C,0,20,Rou,4,0,1,4,25.0,1,2,0.5,-1,2,0.5,0,0,0,0,0,135,Laforest,Charles,"Laforest, Charles",11,https://assets.leaguestat.com/lhjmq/logos/50x50/11.png,214,qmjhl,2026-27 | Regular Season,2026,2027,2026-09-30T16:21:29.259527+00:00
23336,"MacLean, Phenwick",LW,1,23,NFL,4,1,1,4,25.0,1,2,0.5,1,2,0.5,0,0,0,0,0,136,MacLean,Phenwick,"MacLean, Phenwick",2,https://assets.leaguestat.com/lhjmq/logos/2_214.png,214,qmjhl,2026-27 | Regular Season,2026,2027,2026-09-30T16:21:29.259527+00:00
21376,"Miller, Zack",LW,1,19,Vic,4,0,1,5,20.0,1,2,0.5,-1,0,0.0,0,0,0,0,0,137,Miller,Zack,"Miller, Zack",17,https://assets.leaguestat.com/lhjmq/logos/17.png,214,qmjhl,2026-27 | Regular Season,2026,2027,2026-09-30T16:21:29.259527+00:00
21322,"Necak, Dominik",D,0,25,Vic,4,0,1,4,25.0,1,2,0.5,-2,6,1.5,0,0,0,0,0,138,Necak,Dominik,"Necak, Dominik",17,https://assets.leaguestat.com/lhjmq/logos/17.png,214,qmjhl,2026-27 | Regular Season,2026,2027,2026-09-30T16:21:29.259527+00:00
23752,"Ovcharov, Nikita",RW,0,25,Que,4,0,1,15,6.7,1,2,0.5,0,0,0.0,1,0,0,0,0,139,Ovcharov,Nikita,"Ovcharov, Nikita",9,https://assets.leaguestat.com/lhjmq/logos/9.png,214,qmjhl,2026-27 | Regular Season,2026,2027,2026-09-30T16:21:29.259527+00:00
24582,"Ozogany, Oliver",LW,1,98,SNB,4,0,1,7,14.3,1,2,0.5,1,4,1.0,0,0,0,0,0,140,Ozogany,Oliver,"Ozogany, Oliver",8,https://assets.leaguestat.com/lhjmq/logos/50x50/8_214.png,214,qmjhl,2026-27 | Regular Season,2026,2027,2026-09-30T16:21:29.259527+00:00
24113,"Phillips, Joshua",RW,0,17,Chi,4,0,1,6,16.7,1,2,0.5,-5,0,0.0,0,1,0,0,0,141,Phillips,Joshua,"Phillips, Joshua",10,https://assets.leaguestat.com/lhjmq/logos/10.png,214,qmjhl,2026-27 | Regular Season,2026,2027,2026-09-30T16:21:29.259527+00:00
19525,"Shields, William",RW,0,72,Cha,4,0,1,8,12.5,1,2,0.5,3,8,2.0,0,0,0,0,1,142,Shields,William,"Shields, William",7,https://assets.leaguestat.com/lhjmq/logos/7.png,214,qmjhl,2026-27 | Regular Season,2026,2027,2026-09-30T16:21:29.259527+00:00
24577,"Sramaty, Samuel",LW,1,15,Que,4,0,1,9,11.1,1,2,0.5,1,2,0.5,1,0,0,0,0,143,Sramaty,Samuel,"Sramaty, Samuel",9,https://assets.leaguestat.com/lhjmq/logos/9.png,214,qmjhl,2026-27 | Regular Season,2026,2027,2026-09-30T16:21:29.259527+00:00
21600,"Straka, Andreas",LW,0,15,Rou,4,1,1,4,25.0,1,2,0.5,1,4,1.0,0,0,0,0,0,144,Straka,Andreas,"Straka, Andreas",11,https://assets.leaguestat.com/lhjmq/logos/50x50/11.png,214,qmjhl,2026-27 | Regular Season,2026,2027,2026-09-30T16:21:29.259527+00:00
23448,"Thériault, Charles-Antoine",C,1,11,VdO,4,0,1,7,14.3,1,2,0.5,1,0,0.0,0,0,0,0,0,145,Thériault,Charles-Antoine,"Thériault, Charles-Antoine",15,https://assets.leaguestat.com/lhjmq/logos/15.png,214,qmjhl,2026-27 | Regular Season,2026,2027,2026-09-30T16:21:29.259527+00:00
20175,"Ricard, Émile",LW,0,11,Chi,2,0,0,2,0.0,2,2,1.0,-2,2,1.0,0,0,0,0,0,146,Ricard,Émile,"Ricard, Émile",10,https://assets.leaguestat.com/lhjmq/logos/10.png,214,qmjhl,2026-27 | Regular Season,2026,2027,2026-09-30T16:21:29.259527+00:00
21388,"Weiner, Jacoby",G,0,35,Mon,2,0,0,0,0.0,2,2,1.0,0,0,0.0,0,1,0,0,0,147,Weiner,Jacoby,"Weiner, Jacoby",1,https://assets.leaguestat.com/lhjmq/logos/1.png,214,qmjhl,2026-27 | Regular Season,2026,2027,2026-09-30T16:21:29.259527+00:00
24305,"Sylla, Elijah",LW,1,27,Dru,3,0,0,1,0.0,2,2,0.67,0,0,0.0,0,0,0,0,0,148,Sylla,Elijah,"Sylla, Elijah",14,https://assets.leaguestat.com/lhjmq/logos/50x50/14.png,214,qmjhl,2026-27 | Regular Season,2026,2027,2026-09-30T16:21:29.259527+00:00
24602,"Aptikashev, Damir",D,1,7,Chi,4,0,0,6,0.0,2,2,0.5,1,0,0.0,0,1,0,0,0,149,Aptikashev,Damir,"Aptikashev, Damir",10,https://assets.leaguestat.com/lhjmq/logos/10.png,214,qmjhl,2026-27 | Regular Season,2026,2027,2026-09-30T16:21:29.259527+00:00
23635,"Barton, Finn",RW,0,17,Gat,4,0,0,0,0.0,2,2,0.5,4,4,1.0,0,0,0,0,0,150,Barton,Finn,"Barton, Finn",12,https://assets.leaguestat.com/lhjmq/logos/50x50/12.png,214,qmjhl,2026-27 | Regular Season,2026,2027,2026-09-30T16:21:29.259527+00:00
23370,"Bonin-Lallemand, Alexis",D,1,21,BLB,4,0,0,6,0.0,2,2,0.5,1,4,1.0,0,1,0,0,0,151,Bonin-Lallemand,Alexis,"Bonin-Lallemand, Alexis",19,https://assets.leaguestat.com/lhjmq/logos/19.png,214,qmjhl,2026-27 | Regular Season,2026,2027,2026-09-30T16:21:29.259527+00:00
24510,"Broderick, Jack",C,0,94,Cap,4,0,0,8,0.0,2,2,0.5,-4,0,0.0,0,1,0,0,1,152,Broderick,Jack,"Broderick, Jack",3,https://assets.leaguestat.com/lhjmq/logos/3.png,214,qmjhl,2026-27 | Regular Season,2026,2027,2026-09-30T16:21:29.259527+00:00
24105,"Bursaw, Liam",C,0,72,Mon,4,0,0,3,0.0,2,2,0.5,0,0,0.0,0,0,0,0,0,153,Bursaw,Liam,"Bursaw, Liam",1,https://assets.leaguestat.com/lhjmq/logos/1.png,214,qmjhl,2026-27 | Regular Season,2026,2027,2026-09-30T16:21:29.259527+00:00
21297,"Chartrand, Cameron",D,0,5,SNB,4,0,0,7,0.0,2,2,0.5,-2,0,0.0,0,1,0,0,0,154,Chartrand,Cameron,"Chartrand, Cameron",8,https://assets.leaguestat.com/lhjmq/logos/50x50/8_214.png,214,qmjhl,2026-27 | Regular Season,2026,2027,2026-09-30T16:21:29.259527+00:00
20201,"Flanagan, Anthony",C,0,14,Cha,4,0,0,11,0.0,2,2,0.5,4,13,3.25,0,0,0,0,1,155,Flanagan,Anthony,"Flanagan, Anthony",7,https://assets.leaguestat.com/lhjmq/logos/7.png,214,qmjhl,2026-27 | Regular Season,2026,2027,2026-09-30T16:21:29.259527+00:00
24596,"Grundmanis, Aleksandrs Leonards",D,1,40,Cha,4,0,0,5,0.0,2,2,0.5,2,4,1.0,0,0,0,0,0,156,Grundmanis,Aleksandrs Leonards,"Grundmanis, Aleksandrs Leonards",7,https://assets.leaguestat.com/lhjmq/logos/7.png,214,qmjhl,2026-27 | Regular Season,2026,2027,2026-09-30T16:21:29.259527+00:00
21474,"Huot, Samuel",RW,1,13,Que,4,0,0,8,0.0,2,2,0.5,1,0,0.0,0,1,0,0,0,157,Huot,Samuel,"Huot, Samuel",9,https://assets.leaguestat.com/lhjmq/logos/9.png,214,qmjhl,2026-27 | Regular Season,2026,2027,2026-09-30T16:21:29.259527+00:00
24254,"Leduc, Damien",C,1,27,She,4,0,0,5,0.0,2,2,0.5,-2,0,0.0,0,2,0,0,0,158,Leduc,Damien,"Leduc, Damien",60,https://assets.leaguestat.com/lhjmq/logos/50x50/60.png,214,qmjhl,2026-27 | Regular Season,2026,2027,2026-09-30T16:21:29.259527+00:00
23933,"McLennan, Drew",D,0,3,Gat,4,0,0,7,0.0,2,2,0.5,3,2,0.5,0,0,0,1,0,159,McLennan,Drew,"McLennan, Drew",12,https://assets.leaguestat.com/lhjmq/logos/50x50/12.png,214,qmjhl,2026-27 | Regular Season,2026,2027,2026-09-30T16:21:29.259527+00:00
20182,"Morin, Zachary",LW,0,10,SNB,4,0,0,8,0.0,2,2,0.5,-1,2,0.5,0,0,0,0,0,160,Morin,Zachary,"Morin, Zachary",8,https://assets.leaguestat.com/lhjmq/logos/50x50/8_214.png,214,qmjhl,2026-27 | Regular Season,2026,2027,2026-09-30T16:21:29.259527+00:00
23351,"Nadeau, Julien",LW,1,73,Rim,4,0,0,7,0.0,2,2,0.5,4,4,1.0,0,0,0,0,0,161,Nadeau,Julien,"Nadeau, Julien",18,https://assets.leaguestat.com/lhjmq/logos/18_214.png,214,qmjhl,2026-27 | Regular Season,2026,2027,2026-09-30T16:21:29.259527+00:00
24574,"Oschgan, Jonathan",RW,1,27,BaC,4,0,0,10,0.0,2,2,0.5,-3,8,2.0,0,1,0,0,0,162,Oschgan,Jonathan,"Oschgan, Jonathan",16,https://assets.leaguestat.com/lhjmq/logos/16.png,214,qmjhl,2026-27 | Regular Season,2026,2027,2026-09-30T16:21:29.259527+00:00
19529,"Paré, Anthony",D,0,5,VdO,4,0,0,11,0.0,2,2,0.5,2,8,2.0,0,0,0,0,0,163,Paré,Anthony,"Paré, Anthony",15,https://assets.leaguestat.com/lhjmq/logos/15.png,214,qmjhl,2026-27 | Regular Season,2026,2027,2026-09-30T16:21:29.259527+00:00
19571,"Poulin, Renaud",C,0,16,Dru,4,0,0,8,0.0,2,2,0.5,-2,2,0.5,0,1,0,0,0,164,Poulin,Renaud,"Poulin, Renaud",14,https://assets.leaguestat.com/lhjmq/logos/50x50/14.png,214,qmjhl,2026-27 | Regular Season,2026,2027,2026-09-30T16:21:29.259527+00:00
24588,"Taliga, Sebastian",LW,1,81,Dru,4,0,0,7,0.0,2,2,0.5,-2,0,0.0,0,1,0,0,0,165,Taliga,Sebastian,"Taliga, Sebastian",14,https://assets.leaguestat.com/lhjmq/logos/50x50/14.png,214,qmjhl,2026-27 | Regular Season,2026,2027,2026-09-30T16:21:29.259527+00:00
20258,"Toussaint, Alexis",C,0,71,Chi,4,0,0,7,0.0,2,2,0.5,1,0,0.0,0,0,0,0,0,166,Toussaint,Alexis,"Toussaint, Alexis",10,https://assets.leaguestat.com/lhjmq/logos/10.png,214,qmjhl,2026-27 | Regular Season,2026,2027,2026-09-30T16:21:29.259527+00:00
20217,"Collette, Noah",D,0,5,Sha,1,0,1,2,50.0,0,1,1.0,-1,2,2.0,0,0,0,0,0,167,Collette,Noah,"Collette, Noah",13,https://assets.leaguestat.com/lhjmq/logos/13.png,214,qmjhl,2026-27 | Regular Season,2026,2027,2026-09-30T16:21:29.259527+00:00
24580,"Bloch, Nikita",C,1,72,NFL,2,0,1,6,16.7,0,1,0.5,2,4,2.0,0,0,0,0,0,168,Bloch,Nikita,"Bloch, Nikita",2,https://assets.leaguestat.com/lhjmq/logos/2_214.png,214,qmjhl,2026-27 | Regular Season,2026,2027,2026-09-30T16:21:29.259527+00:00
20208,"Plamondon, Zackary",D,0,58,Que,2,0,1,2,50.0,0,1,0.5,2,4,2.0,0,0,0,0,0,169,Plamondon,Zackary,"Plamondon, Zackary",9,https://assets.leaguestat.com/lhjmq/logos/9.png,214,qmjhl,2026-27 | Regular Season,2026,2027,2026-09-30T16:21:29.259527+00:00
24296,"Tillman, Jayden",D,1,6,Gat,2,1,1,3,33.3,0,1,0.5,2,0,0.0,0,0,0,0,0,170,Tillman,Jayden,"Tillman, Jayden",12,https://assets.leaguestat.com/lhjmq/logos/50x50/12.png,214,qmjhl,2026-27 | Regular Season,2026,2027,2026-09-30T16:21:29.259527+00:00
24342,"Walsh, Kasen",D,1,55,Chi,2,0,1,1,100.0,0,1,0.5,1,0,0.0,0,0,0,0,0,171,Walsh,Kasen,"Walsh, Kasen",10,https://assets.leaguestat.com/lhjmq/logos/10.png,214,qmjhl,2026-27 | Regular Season,2026,2027,2026-09-30T16:21:29.259527+00:00
21339,"Boyer, Samuel",LW,0,2,Sha,3,0,1,6,16.7,0,1,0.33,-5,0,0.0,0,0,0,0,0,172,Boyer,Samuel,"Boyer, Samuel",13,https://assets.leaguestat.com/lhjmq/logos/13.png,214,qmjhl,2026-27 | Regular Season,2026,2027,2026-09-30T16:21:29.259527+00:00
23348,"Branton, Maxwell",C,0,11,Sha,3,0,1,3,33.3,0,1,0.33,-2,2,0.67,0,0,0,0,0,173,Branton,Maxwell,"Branton, Maxwell",13,https://assets.leaguestat.com/lhjmq/logos/13.png,214,qmjhl,2026-27 | Regular Season,2026,2027,2026-09-30T16:21:29.259527+00:00
21345,"Charron, Hugo",LW,0,74,Cha,3,0,1,1,100.0,0,1,0.33,-1,4,1.33,0,0,0,0,0,174,Charron,Hugo,"Charron, Hugo",7,https://assets.leaguestat.com/lhjmq/logos/7.png,214,qmjhl,2026-27 | Regular Season,2026,2027,2026-09-30T16:21:29.259527+00:00
20310,"Grenier, Ludovik",LW,0,84,BLB,3,0,1,4,25.0,0,1,0.33,0,6,2.0,0,0,0,0,0,175,Grenier,Ludovik,"Grenier, Ludovik",19,https://assets.leaguestat.com/lhjmq/logos/19.png,214,qmjhl,2026-27 | Regular Season,2026,2027,2026-09-30T16:21:29.259527+00:00
23393,"Guay, Louis-Félix",D,1,14,Vic,3,0,1,2,50.0,0,1,0.33,-1,4,1.33,0,0,0,0,0,176,Guay,Louis-Félix,"Guay, Louis-Félix",17,https://assets.leaguestat.com/lhjmq/logos/17.png,214,qmjhl,2026-27 | Regular Season,2026,2027,2026-09-30T16:21:29.259527+00:00
21448,"Stasi, Luca",LW,1,0,BLB,3,0,1,4,25.0,0,1,0.33,0,4,1.33,0,0,0,0,0,177,Stasi,Luca,"Stasi, Luca",19,https://assets.leaguestat.com/lhjmq/logos/19.png,214,qmjhl,2026-27 | Regular Season,2026,2027,2026-09-30T16:21:29.259527+00:00
21419,"Belzil, Eliott",C,1,55,Dru,4,0,1,5,20.0,0,1,0.25,-1,6,1.5,0,0,0,0,0,178,Belzil,Eliott,"Belzil, Eliott",14,https://assets.leaguestat.com/lhjmq/logos/50x50/14.png,214,qmjhl,2026-27 | Regular Season,2026,2027,2026-09-30T16:21:29.259527+00:00
20193,"Beveridge, Egan",RW,0,6,Que,4,0,1,9,11.1,0,1,0.25,1,6,1.5,0,0,0,0,0,179,Beveridge,Egan,"Beveridge, Egan",9,https://assets.leaguestat.com/lhjmq/logos/9.png,214,qmjhl,2026-27 | Regular Season,2026,2027,2026-09-30T16:21:29.259527+00:00
23342,"Charron, Olivier",C,0,44,Sha,4,0,1,8,12.5,0,1,0.25,0,0,0.0,1,0,0,0,0,180,Charron,Olivier,"Charron, Olivier",13,https://assets.leaguestat.com/lhjmq/logos/13.png,214,qmjhl,2026-27 | Regular Season,2026,2027,2026-09-30T16:21:29.259527+00:00
21321,"Dagenais, Alex",RW,0,71,Gat,4,0,1,4,25.0,0,1,0.25,-1,2,0.5,0,0,0,0,0,181,Dagenais,Alex,"Dagenais, Alex",12,https://assets.leaguestat.com/lhjmq/logos/50x50/12.png,214,qmjhl,2026-27 | Regular Season,2026,2027,2026-09-30T16:21:29.259527+00:00
20246,"Doyle, Eddy",D,0,51,Hal,4,0,1,7,14.3,0,1,0.25,-1,6,1.5,0,0,0,0,0,182,Doyle,Eddy,"Doyle, Eddy",5,https://assets.leaguestat.com/lhjmq/logos/5_214.png,214,qmjhl,2026-27 | Regular Season,2026,2027,2026-09-30T16:21:29.259527+00:00
19698,"Dumont, William",LW,0,24,Dru,4,0,1,6,16.7,0,1,0.25,-2,2,0.5,1,0,0,0,0,183,Dumont,William,"Dumont, William",14,https://assets.leaguestat.com/lhjmq/logos/50x50/14.png,214,qmjhl,2026-27 | Regular Season,2026,2027,2026-09-30T16:21:29.259527+00:00
21293,"Gagnon, Louis-Félix",RW,0,12,Chi,4,0,1,7,14.3,0,1,0.25,1,2,0.5,0,0,0,0,0,184,Gagnon,Louis-Félix,"Gagnon, Louis-Félix",10,https://assets.leaguestat.com/lhjmq/logos/10.png,214,qmjhl,2026-27 | Regular Season,2026,2027,2026-09-30T16:21:29.259527+00:00
21300,"Howard, Ryan",LW,0,12,SNB,4,1,1,4,25.0,0,1,0.25,-3,6,1.5,0,0,0,0,0,185,Howard,Ryan,"Howard, Ryan",8,https://assets.leaguestat.com/lhjmq/logos/50x50/8_214.png,214,qmjhl,2026-27 | Regular Season,2026,2027,2026-09-30T16:21:29.259527+00:00
21469,"Massé, Alex",LW,0,18,Rim,4,0,1,6,16.7,0,1,0.25,2,0,0.0,0,0,0,0,0,186,Massé,Alex,"Massé, Alex",18,https://assets.leaguestat.com/lhjmq/logos/18_214.png,214,qmjhl,2026-27 | Regular Season,2026,2027,2026-09-30T16:21:29.259527+00:00
23391,"Napon, Jayden",LW,1,92,Hal,4,0,1,6,16.7,0,1,0.25,3,0,0.0,0,0,0,0,0,187,Napon,Jayden,"Napon, Jayden",5,https://assets.leaguestat.com/lhjmq/logos/5_214.png,214,qmjhl,2026-27 | Regular Season,2026,2027,2026-09-30T16:21:29.259527+00:00
23446,"Renaud, Cole",RW,1,13,Rou,4,0,1,6,16.7,0,1,0.25,-2,0,0.0,0,0,0,0,0,188,Renaud,Cole,"Renaud, Cole",11,https://assets.leaguestat.com/lhjmq/logos/50x50/11.png,214,qmjhl,2026-27 | Regular Season,2026,2027,2026-09-30T16:21:29.259527+00:00
21303,"Rheault, Samuel",LW,0,21,Rou,4,1,1,8,12.5,0,1,0.25,-1,4,1.0,0,0,0,0,0,189,Rheault,Samuel,"Rheault, Samuel",11,https://assets.leaguestat.com/lhjmq/logos/50x50/11.png,214,qmjhl,2026-27 | Regular Season,2026,2027,2026-09-30T16:21:29.259527+00:00
21672,"Ronson, Owen",D,0,15,Dru,4,0,1,5,20.0,0,1,0.25,-2,0,0.0,0,0,0,0,0,190,Ronson,Owen,"Ronson, Owen",14,https://assets.leaguestat.com/lhjmq/logos/50x50/14.png,214,qmjhl,2026-27 | Regular Season,2026,2027,2026-09-30T16:21:29.259527+00:00
23355,"St-Gelais, Matys",LW,0,9,BaC,4,0,1,7,14.3,0,1,0.25,-2,2,0.5,1,0,0,0,0,191,St-Gelais,Matys,"St-Gelais, Matys",16,https://assets.leaguestat.com/lhjmq/logos/16.png,214,qmjhl,2026-27 | Regular Season,2026,2027,2026-09-30T16:21:29.259527+00:00
24592,"Uschan, Nico",D,0,81,Hal,4,0,1,9,11.1,0,1,0.25,-3,0,0.0,0,0,0,0,0,192,Uschan,Nico,"Uschan, Nico",5,https://assets.leaguestat.com/lhjmq/logos/5_214.png,214,qmjhl,2026-27 | Regular Season,2026,2027,2026-09-30T16:21:29.259527+00:00
21289,"Walters, Daniel",C,0,20,Hal,4,0,1,5,20.0,0,1,0.25,-4,18,4.5,0,0,0,0,0,193,Walters,Daniel,"Walters, Daniel",5,https://assets.leaguestat.com/lhjmq/logos/5_214.png,214,qmjhl,2026-27 | Regular Season,2026,2027,2026-09-30T16:21:29.259527+00:00
24520,"Hecker, Ryan",D,1,72,Chi,1,0,0,1,0.0,1,1,1.0,1,0,0.0,0,0,0,0,0,194,Hecker,Ryan,"Hecker, Ryan",10,https://assets.leaguestat.com/lhjmq/logos/10.png,214,qmjhl,2026-27 | Regular Season,2026,2027,2026-09-30T16:21:29.259527+00:00
21296,"Arsenault, Liam",LW,0,13,NFL,2,0,0,4,0.0,1,1,0.5,1,2,1.0,0,0,0,0,0,195,Arsenault,Liam,"Arsenault, Liam",2,https://assets.leaguestat.com/lhjmq/logos/2_214.png,214,qmjhl,2026-27 | Regular Season,2026,2027,2026-09-30T16:21:29.259527+00:00
24617,"Connelly, Liam",D,1,28,Rou,2,0,0,0,0.0,1,1,0.5,2,4,2.0,0,0,0,0,0,196,Connelly,Liam,"Connelly, Liam",11,https://assets.leaguestat.com/lhjmq/logos/50x50/11.png,214,qmjhl,2026-27 | Regular Season,2026,2027,2026-09-30T16:21:29.259527+00:00
24584,"Cutta, Matyas",LW,1,19,Rim,2,0,0,6,0.0,1,1,0.5,2,0,0.0,0,0,0,0,0,197,Cutta,Matyas,"Cutta, Matyas",18,https://assets.leaguestat.com/lhjmq/logos/18_214.png,214,qmjhl,2026-27 | Regular Season,2026,2027,2026-09-30T16:21:29.259527+00:00
24706,"Gowan, Blake",D,1,88,BLB,2,0,0,4,0.0,1,1,0.5,-1,7,3.5,0,1,0,0,0,198,Gowan,Blake,"Gowan, Blake",19,https://assets.leaguestat.com/lhjmq/logos/19.png,214,qmjhl,2026-27 | Regular Season,2026,2027,2026-09-30T16:21:29.259527+00:00
23745,"Kulebiakin, Oleg",RW,0,10,Hal,2,0,0,8,0.0,1,1,0.5,-2,2,1.0,0,0,0,0,0,199,Kulebiakin,Oleg,"Kulebiakin, Oleg",5,https://assets.leaguestat.com/lhjmq/logos/5_214.png,214,qmjhl,2026-27 | Regular Season,2026,2027,2026-09-30T16:21:29.259527+00:00
20209,"Peddigrew, Ty",LW,0,0,Hal,2,0,0,0,0.0,1,1,0.5,2,0,0.0,0,0,0,0,0,200,Peddigrew,Ty,"Peddigrew, Ty",5,https://assets.leaguestat.com/lhjmq/logos/5_214.png,214,qmjhl,2026-27 | Regular Season,2026,2027,2026-09-30T16:21:29.259527+00:00
20214,"Reynolds, Will",D,0,71,NFL,2,0,0,2,0.0,1,1,0.5,0,2,1.0,0,0,0,0,0,201,Reynolds,Will,"Reynolds, Will",2,https://assets.leaguestat.com/lhjmq/logos/2_214.png,214,qmjhl,2026-27 | Regular Season,2026,2027,2026-09-30T16:21:29.259527+00:00
23372,"Sercerchi, Evan",LW,0,17,VdO,2,0,0,1,0.0,1,1,0.5,0,0,0.0,0,0,0,0,0,202,Sercerchi,Evan,"Sercerchi, Evan",15,https://assets.leaguestat.com/lhjmq/logos/15.png,214,qmjhl,2026-27 | Regular Season,2026,2027,2026-09-30T16:21:29.259527+00:00
23374,"Veilleux, Jacob",D,1,3,NFL,2,0,0,0,0.0,1,1,0.5,0,4,2.0,0,0,0,0,0,203,Veilleux,Jacob,"Veilleux, Jacob",2,https://assets.leaguestat.com/lhjmq/logos/2_214.png,214,qmjhl,2026-27 | Regular Season,2026,2027,2026-09-30T16:21:29.259527+00:00
23388,"Brunet, Loic",C,1,11,Dru,3,0,0,0,0.0,1,1,0.33,-1,0,0.0,0,0,0,0,0,204,Brunet,Loic,"Brunet, Loic",14,https://assets.leaguestat.com/lhjmq/logos/50x50/14.png,214,qmjhl,2026-27 | Regular Season,2026,2027,2026-09-30T16:21:29.259527+00:00
24670,"Flory, Kage",D,1,77,Cha,3,0,0,7,0.0,1,1,0.33,3,0,0.0,0,0,0,0,0,205,Flory,Kage,"Flory, Kage",7,https://assets.leaguestat.com/lhjmq/logos/7.png,214,qmjhl,2026-27 | Regular Season,2026,2027,2026-09-30T16:21:29.259527+00:00
19528,"Fortier-Gendron, Adam",D,0,24,Mon,3,0,0,4,0.0,1,1,0.33,0,2,0.67,0,0,0,0,0,206,Fortier-Gendron,Adam,"Fortier-Gendron, Adam",1,https://assets.leaguestat.com/lhjmq/logos/1.png,214,qmjhl,2026-27 | Regular Season,2026,2027,2026-09-30T16:21:29.259527+00:00
20312,"Gravel, Théo",C,0,26,Vic,3,0,0,1,0.0,1,1,0.33,-1,0,0.0,0,0,0,0,0,207,Gravel,Théo,"Gravel, Théo",17,https://assets.leaguestat.com/lhjmq/logos/17.png,214,qmjhl,2026-27 | Regular Season,2026,2027,2026-09-30T16:21:29.259527+00:00
23350,"Horvat-Edouard, Zakary",C,0,27,Gat,3,0,0,7,0.0,1,1,0.33,1,4,1.33,0,0,0,0,0,208,Horvat-Edouard,Zakary,"Horvat-Edouard, Zakary",12,https://assets.leaguestat.com/lhjmq/logos/50x50/12.png,214,qmjhl,2026-27 | Regular Season,2026,2027,2026-09-30T16:21:29.259527+00:00
23474,"Robichaud, Antoine",LW,1,89,Dru,3,0,0,3,0.0,1,1,0.33,1,0,0.0,0,0,0,0,0,209,Robichaud,Antoine,"Robichaud, Antoine",14,https://assets.leaguestat.com/lhjmq/logos/50x50/14.png,214,qmjhl,2026-27 | Regular Season,2026,2027,2026-09-30T16:21:29.259527+00:00
23428,"Sullivan, Tyler",D,1,6,Rou,3,0,0,0,0.0,1,1,0.33,0,2,0.67,0,0,0,0,0,210,Sullivan,Tyler,"Sullivan, Tyler",11,https://assets.leaguestat.com/lhjmq/logos/50x50/11.png,214,qmjhl,2026-27 | Regular Season,2026,2027,2026-09-30T16:21:29.259527+00:00
21385,"Walsh, Rowan",LW,0,34,Cha,3,0,0,0,0.0,1,1,0.33,-1,0,0.0,0,0,0,0,0,211,Walsh,Rowan,"Walsh, Rowan",7,https://assets.leaguestat.com/lhjmq/logos/7.png,214,qmjhl,2026-27 | Regular Season,2026,2027,2026-09-30T16:21:29.259527+00:00
23938,"Arthurs, Devon",D,1,20,Dru,4,0,0,2,0.0,1,1,0.25,-5,2,0.5,0,0,0,0,0,212,Arthurs,Devon,"Arthurs, Devon",14,https://assets.leaguestat.com/lhjmq/logos/50x50/14.png,214,qmjhl,2026-27 | Regular Season,2026,2027,2026-09-30T16:21:29.259527+00:00
20289,"Austin, Kingsley",D,0,12,NFL,4,0,0,5,0.0,1,1,0.25,0,4,1.0,0,0,0,0,0,213,Austin,Kingsley,"Austin, Kingsley",2,https://assets.leaguestat.com/lhjmq/logos/2_214.png,214,qmjhl,2026-27 | Regular Season,2026,2027,2026-09-30T16:21:29.259527+00:00
24550,"Baird-Gajdos, Christopher",D,1,6,Mon,4,0,0,2,0.0,1,1,0.25,0,6,1.5,0,0,0,1,0,214,Baird-Gajdos,Christopher,"Baird-Gajdos, Christopher",1,https://assets.leaguestat.com/lhjmq/logos/1.png,214,qmjhl,2026-27 | Regular Season,2026,2027,2026-09-30T16:21:29.259527+00:00
21315,"Batchilder, Jackson",D,0,7,Mon,4,0,0,4,0.0,1,1,0.25,2,0,0.0,0,0,0,0,0,215,Batchilder,Jackson,"Batchilder, Jackson",1,https://assets.leaguestat.com/lhjmq/logos/1.png,214,qmjhl,2026-27 | Regular Season,2026,2027,2026-09-30T16:21:29.259527+00:00
22178,"Besner, Brayden",LW,0,23,BaC,4,0,0,8,0.0,1,1,0.25,-1,2,0.5,0,0,0,0,0,216,Besner,Brayden,"Besner, Brayden",16,https://assets.leaguestat.com/lhjmq/logos/16.png,214,qmjhl,2026-27 | Regular Season,2026,2027,2026-09-30T16:21:29.259527+00:00
24107,"Cinq-Mars, Esteban",D,0,3,VdO,4,0,0,5,0.0,1,1,0.25,1,0,0.0,0,0,0,0,0,217,Cinq-Mars,Esteban,"Cinq-Mars, Esteban",15,https://assets.leaguestat.com/lhjmq/logos/15.png,214,qmjhl,2026-27 | Regular Season,2026,2027,2026-09-30T16:21:29.259527+00:00
21280,"Cossette Ayotte, Benjamin",D,0,7,VdO,4,0,0,4,0.0,1,1,0.25,-1,4,1.0,0,1,0,0,0,218,Cossette Ayotte,Benjamin,"Cossette Ayotte, Benjamin",15,https://assets.leaguestat.com/lhjmq/logos/15.png,214,qmjhl,2026-27 | Regular Season,2026,2027,2026-09-30T16:21:29.259527+00:00
21394,"Côté, Malyk",C,1,92,BLB,4,0,0,1,0.0,1,1,0.25,0,0,0.0,0,0,0,0,0,219,Côté,Malyk,"Côté, Malyk",19,https://assets.leaguestat.com/lhjmq/logos/19.png,214,qmjhl,2026-27 | Regular Season,2026,2027,2026-09-30T16:21:29.259527+00:00
20189,"Damphousse, Bo",D,0,26,SNB,4,0,0,3,0.0,1,1,0.25,0,6,1.5,0,0,0,0,0,220,Damphousse,Bo,"Damphousse, Bo",8,https://assets.leaguestat.com/lhjmq/logos/50x50/8_214.png,214,qmjhl,2026-27 | Regular Season,2026,2027,2026-09-30T16:21:29.259527+00:00
20243,"De Ladurantaye, Jacob",D,0,8,Cap,4,0,0,8,0.0,1,1,0.25,-3,2,0.5,0,0,0,0,0,221,De Ladurantaye,Jacob,"De Ladurantaye, Jacob",3,https://assets.leaguestat.com/lhjmq/logos/3.png,214,qmjhl,2026-27 | Regular Season,2026,2027,2026-09-30T16:21:29.259527+00:00
21309,"Delarosbil, Brandon",D,0,76,SNB,4,0,0,6,0.0,1,1,0.25,-1,0,0.0,0,1,0,0,0,222,Delarosbil,Brandon,"Delarosbil, Brandon",8,https://assets.leaguestat.com/lhjmq/logos/50x50/8_214.png,214,qmjhl,2026-27 | Regular Season,2026,2027,2026-09-30T16:21:29.259527+00:00
23363,"Dodier, Maxime",D,0,93,Vic,4,0,0,1,0.0,1,1,0.25,-3,2,0.5,0,0,0,0,0,223,Dodier,Maxime,"Dodier, Maxime",17,https://assets.leaguestat.com/lhjmq/logos/17.png,214,qmjhl,2026-27 | Regular Season,2026,2027,2026-09-30T16:21:29.259527+00:00
20195,"Dubé, Elliot",C,0,44,BLB,4,0,0,6,0.0,1,1,0.25,2,0,0.0,0,0,0,0,0,224,Dubé,Elliot,"Dubé, Elliot",19,https://assets.leaguestat.com/lhjmq/logos/19.png,214,qmjhl,2026-27 | Regular Season,2026,2027,2026-09-30T16:21:29.259527+00:00
23408,"Dumais, Louis-Émile",C,1,13,Sha,4,0,0,4,0.0,1,1,0.25,-6,0,0.0,0,0,0,0,0,225,Dumais,Louis-Émile,"Dumais, Louis-Émile",13,https://assets.leaguestat.com/lhjmq/logos/13.png,214,qmjhl,2026-27 | Regular Season,2026,2027,2026-09-30T16:21:29.259527+00:00
21374,"Dumont, Dylan",RW,0,94,Dru,4,0,0,13,0.0,1,1,0.25,-3,2,0.5,0,0,0,0,0,226,Dumont,Dylan,"Dumont, Dylan",14,https://assets.leaguestat.com/lhjmq/logos/50x50/14.png,214,qmjhl,2026-27 | Regular Season,2026,2027,2026-09-30T16:21:29.259527+00:00
19599,"Dupuis, Kody",C,0,96,Sha,4,0,0,9,0.0,1,1,0.25,-2,8,2.0,0,0,0,0,0,227,Dupuis,Kody,"Dupuis, Kody",13,https://assets.leaguestat.com/lhjmq/logos/13.png,214,qmjhl,2026-27 | Regular Season,2026,2027,2026-09-30T16:21:29.259527+00:00
20261,"Dwyer, Ryan",C,0,40,NFL,4,0,0,4,0.0,1,1,0.25,3,11,2.75,0,0,0,0,0,228,Dwyer,Ryan,"Dwyer, Ryan",2,https://assets.leaguestat.com/lhjmq/logos/2_214.png,214,qmjhl,2026-27 | Regular Season,2026,2027,2026-09-30T16:21:29.259527+00:00
24198,"Fitzpatrick, Jack",LW,0,22,She,4,0,0,2,0.0,1,1,0.25,-1,2,0.5,0,0,0,0,0,229,Fitzpatrick,Jack,"Fitzpatrick, Jack",60,https://assets.leaguestat.com/lhjmq/logos/50x50/60.png,214,qmjhl,2026-27 | Regular Season,2026,2027,2026-09-30T16:21:29.259527+00:00
20400,"Gagnon, Sydney",D,0,14,She,4,0,0,5,0.0,1,1,0.25,4,8,2.0,0,0,0,0,0,230,Gagnon,Sydney,"Gagnon, Sydney",60,https://assets.leaguestat.com/lhjmq/logos/50x50/60.png,214,qmjhl,2026-27 | Regular Season,2026,2027,2026-09-30T16:21:29.259527+00:00
23347,"Gariépy, Loïk",LW,0,39,Vic,4,0,0,7,0.0,1,1,0.25,-3,2,0.5,0,0,0,0,0,231,Gariépy,Loïk,"Gariépy, Loïk",17,https://assets.leaguestat.com/lhjmq/logos/17.png,214,qmjhl,2026-27 | Regular Season,2026,2027,2026-09-30T16:21:29.259527+00:00
24581,"Glukhikh, Artem",C,1,97,Gat,4,0,0,6,0.0,1,1,0.25,3,0,0.0,0,0,0,0,0,232,Glukhikh,Artem,"Glukhikh, Artem",12,https://assets.leaguestat.com/lhjmq/logos/50x50/12.png,214,qmjhl,2026-27 | Regular Season,2026,2027,2026-09-30T16:21:29.259527+00:00
23525,"Holyoke, Cameron",D,1,15,Cha,4,0,0,3,0.0,1,1,0.25,-1,6,1.5,0,0,0,0,0,233,Holyoke,Cameron,"Holyoke, Cameron",7,https://assets.leaguestat.com/lhjmq/logos/7.png,214,qmjhl,2026-27 | Regular Season,2026,2027,2026-09-30T16:21:29.259527+00:00
23377,"Jackson, Camden",D,1,29,BLB,4,0,0,2,0.0,1,1,0.25,1,0,0.0,0,0,0,0,0,234,Jackson,Camden,"Jackson, Camden",19,https://assets.leaguestat.com/lhjmq/logos/19.png,214,qmjhl,2026-27 | Regular Season,2026,2027,2026-09-30T16:21:29.259527+00:00
21356,"Jarret, Jérémy",C,0,26,Rou,4,0,0,5,0.0,1,1,0.25,1,2,0.5,0,0,0,0,0,235,Jarret,Jérémy,"Jarret, Jérémy",11,https://assets.leaguestat.com/lhjmq/logos/50x50/11.png,214,qmjhl,2026-27 | Regular Season,2026,2027,2026-09-30T16:21:29.259527+00:00
23431,"Labranche, Jacob",D,1,12,BaC,4,0,0,4,0.0,1,1,0.25,-3,0,0.0,0,1,0,0,0,236,Labranche,Jacob,"Labranche, Jacob",16,https://assets.leaguestat.com/lhjmq/logos/16.png,214,qmjhl,2026-27 | Regular Season,2026,2027,2026-09-30T16:21:29.259527+00:00
20221,"Labre, Maddox",D,0,47,Que,4,0,0,9,0.0,1,1,0.25,-1,4,1.0,0,1,0,0,0,237,Labre,Maddox,"Labre, Maddox",9,https://assets.leaguestat.com/lhjmq/logos/9.png,214,qmjhl,2026-27 | Regular Season,2026,2027,2026-09-30T16:21:29.259527+00:00
24589,"Laitinen, Jiko",C,1,12,Mon,4,0,0,2,0.0,1,1,0.25,1,0,0.0,0,0,0,0,0,238,Laitinen,Jiko,"Laitinen, Jiko",1,https://assets.leaguestat.com/lhjmq/logos/1.png,214,qmjhl,2026-27 | Regular Season,2026,2027,2026-09-30T16:21:29.259527+00:00
20172,"Lampron, Olivier",RW,0,34,She,4,0,0,5,0.0,1,1,0.25,-1,2,0.5,0,1,0,0,0,239,Lampron,Olivier,"Lampron, Olivier",60,https://assets.leaguestat.com/lhjmq/logos/50x50/60.png,214,qmjhl,2026-27 | Regular Season,2026,2027,2026-09-30T16:21:29.259527+00:00
23426,"Lapointe, Louis-Thomas",C,1,72,Que,4,0,0,6,0.0,1,1,0.25,-1,2,0.5,0,0,0,0,0,240,Lapointe,Louis-Thomas,"Lapointe, Louis-Thomas",9,https://assets.leaguestat.com/lhjmq/logos/9.png,214,qmjhl,2026-27 | Regular Season,2026,2027,2026-09-30T16:21:29.259527+00:00
24599,"Lundqvist, William",D,0,58,NFL,4,0,0,3,0.0,1,1,0.25,4,2,0.5,0,0,0,0,0,241,Lundqvist,William,"Lundqvist, William",2,https://assets.leaguestat.com/lhjmq/logos/2_214.png,214,qmjhl,2026-27 | Regular Season,2026,2027,2026-09-30T16:21:29.259527+00:00
20388,"Marmulak, Maddex",RW,0,98,NFL,4,0,0,11,0.0,1,1,0.25,3,0,0.0,0,0,0,0,0,242,Marmulak,Maddex,"Marmulak, Maddex",2,https://assets.leaguestat.com/lhjmq/logos/2_214.png,214,qmjhl,2026-27 | Regular Season,2026,2027,2026-09-30T16:21:29.259527+00:00
24578,"Mate, Artyom",D,1,47,Cha,4,0,0,6,0.0,1,1,0.25,-1,6,1.5,0,0,0,0,0,243,Mate,Artyom,"Mate, Artyom",7,https://assets.leaguestat.com/lhjmq/logos/7.png,214,qmjhl,2026-27 | Regular Season,2026,2027,2026-09-30T16:21:29.259527+00:00
20192,"Mathieu, Alexis",D,0,77,NFL,4,0,0,7,0.0,1,1,0.25,2,10,2.5,0,0,0,0,0,244,Mathieu,Alexis,"Mathieu, Alexis",2,https://assets.leaguestat.com/lhjmq/logos/2_214.png,214,qmjhl,2026-27 | Regular Season,2026,2027,2026-09-30T16:21:29.259527+00:00
24300,"Mazzola, Noah",D,1,8,She,4,0,0,1,0.0,1,1,0.25,3,4,1.0,0,0,0,0,0,245,Mazzola,Noah,"Mazzola, Noah",60,https://assets.leaguestat.com/lhjmq/logos/50x50/60.png,214,qmjhl,2026-27 | Regular Season,2026,2027,2026-09-30T16:21:29.259527+00:00
20352,"McNab, Patrick",C,0,17,Hal,4,0,0,2,0.0,1,1,0.25,-4,0,0.0,0,0,0,0,0,246,McNab,Patrick,"McNab, Patrick",5,https://assets.leaguestat.com/lhjmq/logos/5_214.png,214,qmjhl,2026-27 | Regular Season,2026,2027,2026-09-30T16:21:29.259527+00:00
23607,"Meyer, Freddy",D,0,14,Que,4,0,0,2,0.0,1,1,0.25,3,8,2.0,0,0,0,0,0,247,Meyer,Freddy,"Meyer, Freddy",9,https://assets.leaguestat.com/lhjmq/logos/9.png,214,qmjhl,2026-27 | Regular Season,2026,2027,2026-09-30T16:21:29.259527+00:00
21420,"Mullen, Elliott",C,1,27,Mon,4,0,0,5,0.0,1,1,0.25,-5,0,0.0,0,0,0,0,0,248,Mullen,Elliott,"Mullen, Elliott",1,https://assets.leaguestat.com/lhjmq/logos/1.png,214,qmjhl,2026-27 | Regular Season,2026,2027,2026-09-30T16:21:29.259527+00:00
23896,"Nadeau, Nathan",D,0,8,Vic,4,0,0,2,0.0,1,1,0.25,2,4,1.0,0,0,0,0,0,249,Nadeau,Nathan,"Nadeau, Nathan",17,https://assets.leaguestat.com/lhjmq/logos/17.png,214,qmjhl,2026-27 | Regular Season,2026,2027,2026-09-30T16:21:29.259527+00:00
24257,"Norris, Damian",C,1,27,NFL,4,0,0,1,0.0,1,1,0.25,1,2,0.5,0,0,0,0,0,250,Norris,Damian,"Norris, Damian",2,https://assets.leaguestat.com/lhjmq/logos/2_214.png,214,qmjhl,2026-27 | Regular Season,2026,2027,2026-09-30T16:21:29.259527+00:00
19521,"Phillips, Owen",D,0,26,Hal,4,0,0,4,0.0,1,1,0.25,-3,2,0.5,0,1,0,0,0,251,Phillips,Owen,"Phillips, Owen",5,https://assets.leaguestat.com/lhjmq/logos/5_214.png,214,qmjhl,2026-27 | Regular Season,2026,2027,2026-09-30T16:21:29.259527+00:00
24583,"Pritchin, Mark",D,1,91,Rou,4,0,0,4,0.0,1,1,0.25,1,4,1.0,0,0,0,0,0,252,Pritchin,Mark,"Pritchin, Mark",11,https://assets.leaguestat.com/lhjmq/logos/50x50/11.png,214,qmjhl,2026-27 | Regular Season,2026,2027,2026-09-30T16:21:29.259527+00:00
21640,"Provencher, Gabriel",RW,0,89,VdO,4,0,0,7,0.0,1,1,0.25,-1,0,0.0,0,0,0,0,0,253,Provencher,Gabriel,"Provencher, Gabriel",15,https://assets.leaguestat.com/lhjmq/logos/15.png,214,qmjhl,2026-27 | Regular Season,2026,2027,2026-09-30T16:21:29.259527+00:00
20171,"Prud'homme, Jonathan",D,0,98,Sha,4,0,0,2,0.0,1,1,0.25,-9,8,2.0,0,0,0,0,0,254,Prud'homme,Jonathan,"Prud'homme, Jonathan",13,https://assets.leaguestat.com/lhjmq/logos/13.png,214,qmjhl,2026-27 | Regular Season,2026,2027,2026-09-30T16:21:29.259527+00:00
24595,"Pufr, Antonin",D,1,16,Que,4,0,0,6,0.0,1,1,0.25,2,4,1.0,0,0,0,0,0,255,Pufr,Antonin,"Pufr, Antonin",9,https://assets.leaguestat.com/lhjmq/logos/9.png,214,qmjhl,2026-27 | Regular Season,2026,2027,2026-09-30T16:21:29.259527+00:00
23415,"Survilas, Noah",RW,1,13,Mon,4,0,0,5,0.0,1,1,0.25,-1,2,0.5,0,1,0,0,0,256,Survilas,Noah,"Survilas, Noah",1,https://assets.leaguestat.com/lhjmq/logos/1.png,214,qmjhl,2026-27 | Regular Season,2026,2027,2026-09-30T16:21:29.259527+00:00
23380,"Thériault, Édouard",D,1,23,Rou,4,0,0,5,0.0,1,1,0.25,1,4,1.0,0,0,0,0,0,257,Thériault,Édouard,"Thériault, Édouard",11,https://assets.leaguestat.com/lhjmq/logos/50x50/11.png,214,qmjhl,2026-27 | Regular Season,2026,2027,2026-09-30T16:21:29.259527+00:00
24513,"Tilley, Tobias",D,0,22,Chi,4,0,0,4,0.0,1,1,0.25,-2,2,0.5,0,0,0,1,0,258,Tilley,Tobias,"Tilley, Tobias",10,https://assets.leaguestat.com/lhjmq/logos/10.png,214,qmjhl,2026-27 | Regular Season,2026,2027,2026-09-30T16:21:29.259527+00:00
24255,"Tremblay, Aslan",C,1,26,Cha,4,0,0,12,0.0,1,1,0.25,-1,0,0.0,0,0,0,0,0,259,Tremblay,Aslan,"Tremblay, Aslan",7,https://assets.leaguestat.com/lhjmq/logos/7.png,214,qmjhl,2026-27 | Regular Season,2026,2027,2026-09-30T16:21:29.259527+00:00
24656,"White, Ryan",D,0,11,Gat,4,0,0,10,0.0,1,1,0.25,1,6,1.5,0,0,0,0,0,260,White,Ryan,"White, Ryan",12,https://assets.leaguestat.com/lhjmq/logos/50x50/12.png,214,qmjhl,2026-27 | Regular Season,2026,2027,2026-09-30T16:21:29.259527+00:00
23464,"Benoit, Alexis",RW,1,86,VdO,1,0,0,0,0.0,0,0,0.0,0,0,0.0,0,0,0,0,0,261,Benoit,Alexis,"Benoit, Alexis",15,https://assets.leaguestat.com/lhjmq/logos/15.png,214,qmjhl,2026-27 | Regular Season,2026,2027,2026-09-30T16:21:29.259527+00:00
23591,"Bêty, Logan",C,1,92,Chi,1,0,0,2,0.0,0,0,0.0,0,0,0.0,0,0,0,0,0,262,Bêty,Logan,"Bêty, Logan",10,https://assets.leaguestat.com/lhjmq/logos/10.png,214,qmjhl,2026-27 | Regular Season,2026,2027,2026-09-30T16:21:29.259527+00:00
23435,"Drabczynski, Oskar",D,0,13,SNB,1,0,0,0,0.0,0,0,0.0,1,0,0.0,0,0,0,0,0,263,Drabczynski,Oskar,"Drabczynski, Oskar",8,https://assets.leaguestat.com/lhjmq/logos/50x50/8_214.png,214,qmjhl,2026-27 | Regular Season,2026,2027,2026-09-30T16:21:29.259527+00:00
24276,"Frost, Nathan",D,1,55,Cha,1,0,0,1,0.0,0,0,0.0,1,0,0.0,0,0,0,0,0,264,Frost,Nathan,"Frost, Nathan",7,https://assets.leaguestat.com/lhjmq/logos/7.png,214,qmjhl,2026-27 | Regular Season,2026,2027,2026-09-30T16:21:29.259527+00:00
23500,"Hymovitz, Ty",RW,1,15,NFL,1,0,0,0,0.0,0,0,0.0,0,0,0.0,0,0,0,0,0,265,Hymovitz,Ty,"Hymovitz, Ty",2,https://assets.leaguestat.com/lhjmq/logos/2_214.png,214,qmjhl,2026-27 | Regular Season,2026,2027,2026-09-30T16:21:29.259527+00:00
23420,"Lee, Justin",G,1,34,Chi,1,0,0,0,0.0,0,0,0.0,0,0,0.0,0,0,0,0,0,266,Lee,Justin,"Lee, Justin",10,https://assets.leaguestat.com/lhjmq/logos/10.png,214,qmjhl,2026-27 | Regular Season,2026,2027,2026-09-30T16:21:29.259527+00:00
19660,"Lemire, Alexis",D,0,72,Rou,1,0,0,3,0.0,0,0,0.0,0,2,2.0,0,0,0,0,0,267,Lemire,Alexis,"Lemire, Alexis",11,https://assets.leaguestat.com/lhjmq/logos/50x50/11.png,214,qmjhl,2026-27 | Regular Season,2026,2027,2026-09-30T16:21:29.259527+00:00
20247,"Lindsay, Ben",D,0,5,Mon,1,0,0,0,0.0,0,0,0.0,0,0,0.0,0,0,0,0,0,268,Lindsay,Ben,"Lindsay, Ben",1,https://assets.leaguestat.com/lhjmq/logos/1.png,214,qmjhl,2026-27 | Regular Season,2026,2027,2026-09-30T16:21:29.259527+00:00
24696,"Mews, Max",RW,1,11,Que,1,0,0,2,0.0,0,0,0.0,2,0,0.0,0,0,0,0,0,269,Mews,Max,"Mews, Max",9,https://assets.leaguestat.com/lhjmq/logos/9.png,214,qmjhl,2026-27 | Regular Season,2026,2027,2026-09-30T16:21:29.259527+00:00
24108,"Moffett, Finn",G,0,35,Gat,1,0,0,0,0.0,0,0,0.0,0,0,0.0,0,0,0,0,0,270,Moffett,Finn,"Moffett, Finn",12,https://assets.leaguestat.com/lhjmq/logos/50x50/12.png,214,qmjhl,2026-27 | Regular Season,2026,2027,2026-09-30T16:21:29.259527+00:00
21367,"Moreau, Vincent",G,0,31,VdO,1,0,0,0,0.0,0,0,0.0,0,0,0.0,0,0,0,0,0,271,Moreau,Vincent,"Moreau, Vincent",15,https://assets.leaguestat.com/lhjmq/logos/15.png,214,qmjhl,2026-27 | Regular Season,2026,2027,2026-09-30T16:21:29.259527+00:00
24593,"Novozhilov, Petr",D,1,15,Sha,1,0,0,2,0.0,0,0,0.0,1,2,2.0,0,0,0,0,0,272,Novozhilov,Petr,"Novozhilov, Petr",13,https://assets.leaguestat.com/lhjmq/logos/13.png,214,qmjhl,2026-27 | Regular Season,2026,2027,2026-09-30T16:21:29.259527+00:00
24291,"O'Connell, Noah",C,1,0,BLB,1,0,0,2,0.0,0,0,0.0,0,0,0.0,0,0,0,0,0,273,O'Connell,Noah,"O'Connell, Noah",19,https://assets.leaguestat.com/lhjmq/logos/19.png,214,qmjhl,2026-27 | Regular Season,2026,2027,2026-09-30T16:21:29.259527+00:00
24597,"Olkhovik, Gleb",LW,1,97,Sha,1,0,0,0,0.0,0,0,0.0,-1,0,0.0,0,0,0,0,0,274,Olkhovik,Gleb,"Olkhovik, Gleb",13,https://assets.leaguestat.com/lhjmq/logos/13.png,214,qmjhl,2026-27 | Regular Season,2026,2027,2026-09-30T16:21:29.259527+00:00
23843,"Pietrantonio, Stefano",RW,0,15,BLB,1,0,0,1,0.0,0,0,0.0,0,0,0.0,0,0,0,0,0,275,Pietrantonio,Stefano,"Pietrantonio, Stefano",19,https://assets.leaguestat.com/lhjmq/logos/19.png,214,qmjhl,2026-27 | Regular Season,2026,2027,2026-09-30T16:21:29.259527+00:00
24591,"Plumins, Patriks",G,1,31,Chi,1,0,0,0,0.0,0,0,0.0,0,0,0.0,0,0,0,0,0,276,Plumins,Patriks,"Plumins, Patriks",10,https://assets.leaguestat.com/lhjmq/logos/10.png,214,qmjhl,2026-27 | Regular Season,2026,2027,2026-09-30T16:21:29.259527+00:00
24548,"Preskar, Anthony",LW,0,16,Mon,1,0,0,0,0.0,0,0,0.0,0,0,0.0,0,0,0,0,0,277,Preskar,Anthony,"Preskar, Anthony",1,https://assets.leaguestat.com/lhjmq/logos/1.png,214,qmjhl,2026-27 | Regular Season,2026,2027,2026-09-30T16:21:29.259527+00:00
23392,"Rosa, Adrien",D,1,8,Gat,1,0,0,1,0.0,0,0,0.0,-1,0,0.0,0,0,0,0,0,278,Rosa,Adrien,"Rosa, Adrien",12,https://assets.leaguestat.com/lhjmq/logos/50x50/12.png,214,qmjhl,2026-27 | Regular Season,2026,2027,2026-09-30T16:21:29.259527+00:00
21515,"Stockseth, Parker",G,1,29,She,1,0,0,0,0.0,0,0,0.0,0,0,0.0,0,0,0,0,0,279,Stockseth,Parker,"Stockseth, Parker",60,https://assets.leaguestat.com/lhjmq/logos/50x50/60.png,214,qmjhl,2026-27 | Regular Season,2026,2027,2026-09-30T16:21:29.259527+00:00
24674,"VanWalleghem, Jaden",D,1,47,Dru,1,0,0,2,0.0,0,0,0.0,0,0,0.0,0,0,0,0,0,280,VanWalleghem,Jaden,"VanWalleghem, Jaden",14,https://assets.leaguestat.com/lhjmq/logos/50x50/14.png,214,qmjhl,2026-27 | Regular Season,2026,2027,2026-09-30T16:21:29.259527+00:00
23445,"Vesque, Matt",C,1,0,Que,1,0,0,0,0.0,0,0,0.0,-1,0,0.0,0,0,0,0,0,281,Vesque,Matt,"Vesque, Matt",9,https://assets.leaguestat.com/lhjmq/logos/9.png,214,qmjhl,2026-27 | Regular Season,2026,2027,2026-09-30T16:21:29.259527+00:00
20265,"Allie, Dylan",C,0,7,Gat,2,0,0,2,0.0,0,0,0.0,-4,2,1.0,0,0,0,0,0,282,Allie,Dylan,"Allie, Dylan",12,https://assets.leaguestat.com/lhjmq/logos/50x50/12.png,214,qmjhl,2026-27 | Regular Season,2026,2027,2026-09-30T16:21:29.259527+00:00
23897,"Armstrong, Hudson",RW,0,19,Cha,2,0,0,5,0.0,0,0,0.0,2,0,0.0,0,0,0,0,0,283,Armstrong,Hudson,"Armstrong, Hudson",7,https://assets.leaguestat.com/lhjmq/logos/7.png,214,qmjhl,2026-27 | Regular Season,2026,2027,2026-09-30T16:21:29.259527+00:00
20198,"Beckman, Lucas",G,0,33,Cap,2,0,0,0,0.0,0,0,0.0,0,0,0.0,0,0,0,0,0,284,Beckman,Lucas,"Beckman, Lucas",3,https://assets.leaguestat.com/lhjmq/logos/3.png,214,qmjhl,2026-27 | Regular Season,2026,2027,2026-09-30T16:21:29.259527+00:00
23353,"Berthiaume, Sam",G,1,92,Cap,2,0,0,0,0.0,0,0,0.0,0,0,0.0,0,0,0,0,0,285,Berthiaume,Sam,"Berthiaume, Sam",3,https://assets.leaguestat.com/lhjmq/logos/3.png,214,qmjhl,2026-27 | Regular Season,2026,2027,2026-09-30T16:21:29.259527+00:00
24531,"Blackwood, Morgan",G,1,29,Rim,2,0,0,0,0.0,0,0,0.0,0,0,0.0,0,0,0,0,0,286,Blackwood,Morgan,"Blackwood, Morgan",18,https://assets.leaguestat.com/lhjmq/logos/18_214.png,214,qmjhl,2026-27 | Regular Season,2026,2027,2026-09-30T16:21:29.259527+00:00
20260,"Boucher, Philippe",G,0,40,Sha,2,0,0,0,0.0,0,0,0.0,0,0,0.0,0,0,0,0,0,287,Boucher,Philippe,"Boucher, Philippe",13,https://assets.leaguestat.com/lhjmq/logos/13.png,214,qmjhl,2026-27 | Regular Season,2026,2027,2026-09-30T16:21:29.259527+00:00
19705,"Carbonneau, Alexandre",D,0,72,She,2,0,0,1,0.0,0,0,0.0,3,8,4.0,0,0,0,0,0,288,Carbonneau,Alexandre,"Carbonneau, Alexandre",60,https://assets.leaguestat.com/lhjmq/logos/50x50/60.png,214,qmjhl,2026-27 | Regular Season,2026,2027,2026-09-30T16:21:29.259527+00:00
24341,"Cash, Blake",LW,1,92,Que,2,0,0,1,0.0,0,0,0.0,-1,4,2.0,0,0,0,0,0,289,Cash,Blake,"Cash, Blake",9,https://assets.leaguestat.com/lhjmq/logos/9.png,214,qmjhl,2026-27 | Regular Season,2026,2027,2026-09-30T16:21:29.259527+00:00
21422,"Catanzariti, Anthony",G,0,31,Vic,2,0,0,0,0.0,0,0,0.0,0,0,0.0,0,0,0,0,0,290,Catanzariti,Anthony,"Catanzariti, Anthony",17,https://assets.leaguestat.com/lhjmq/logos/17.png,214,qmjhl,2026-27 | Regular Season,2026,2027,2026-09-30T16:21:29.259527+00:00
23411,"Chartier, Simon",LW,1,81,Sha,2,0,0,1,0.0,0,0,0.0,-2,2,1.0,0,0,0,0,0,291,Chartier,Simon,"Chartier, Simon",13,https://assets.leaguestat.com/lhjmq/logos/13.png,214,qmjhl,2026-27 | Regular Season,2026,2027,2026-09-30T16:21:29.259527+00:00
21323,"Courchesne, Rafaël",G,0,37,SNB,2,0,0,0,0.0,0,0,0.0,0,0,0.0,0,0,0,0,0,292,Courchesne,Rafaël,"Courchesne, Rafaël",8,https://assets.leaguestat.com/lhjmq/logos/50x50/8_214.png,214,qmjhl,2026-27 | Regular Season,2026,2027,2026-09-30T16:21:29.259527+00:00
20480,"Denault, Louis-Antoine",G,0,31,NFL,2,0,0,0,0.0,0,0,0.0,0,0,0.0,0,0,0,0,0,293,Denault,Louis-Antoine,"Denault, Louis-Antoine",2,https://assets.leaguestat.com/lhjmq/logos/2_214.png,214,qmjhl,2026-27 | Regular Season,2026,2027,2026-09-30T16:21:29.259527+00:00
24668,"Deschamps, Dean",D,1,17,BLB,2,0,0,0,0.0,0,0,0.0,0,0,0.0,0,0,0,0,0,294,Deschamps,Dean,"Deschamps, Dean",19,https://assets.leaguestat.com/lhjmq/logos/19.png,214,qmjhl,2026-27 | Regular Season,2026,2027,2026-09-30T16:21:29.259527+00:00
24532,"Drury, Teddy",C,0,13,Rim,2,0,0,0,0.0,0,0,0.0,2,0,0.0,0,0,0,0,0,295,Drury,Teddy,"Drury, Teddy",18,https://assets.leaguestat.com/lhjmq/logos/18_214.png,214,qmjhl,2026-27 | Regular Season,2026,2027,2026-09-30T16:21:29.259527+00:00
23386,"Dunlap, Jesse",D,1,7,SNB,2,0,0,1,0.0,0,0,0.0,0,0,0.0,0,0,0,0,0,296,Dunlap,Jesse,"Dunlap, Jesse",8,https://assets.leaguestat.com/lhjmq/logos/50x50/8_214.png,214,qmjhl,2026-27 | Regular Season,2026,2027,2026-09-30T16:21:29.259527+00:00
23383,"Fortin, Mathys",G,0,90,Dru,2,0,0,0,0.0,0,0,0.0,0,0,0.0,0,0,0,0,0,297,Fortin,Mathys,"Fortin, Mathys",14,https://assets.leaguestat.com/lhjmq/logos/50x50/14.png,214,qmjhl,2026-27 | Regular Season,2026,2027,2026-09-30T16:21:29.259527+00:00
21493,"Fréchette, Ludovic",D,1,59,Sha,2,0,0,2,0.0,0,0,0.0,-3,0,0.0,0,0,0,0,0,298,Fréchette,Ludovic,"Fréchette, Ludovic",13,https://assets.leaguestat.com/lhjmq/logos/13.png,214,qmjhl,2026-27 | Regular Season,2026,2027,2026-09-30T16:21:29.259527+00:00
23387,"Généreux, Charles",D,1,26,Rim,2,0,0,2,0.0,0,0,0.0,1,0,0.0,0,0,0,0,0,299,Généreux,Charles,"Généreux, Charles",18,https://assets.leaguestat.com/lhjmq/logos/18_214.png,214,qmjhl,2026-27 | Regular Season,2026,2027,2026-09-30T16:21:29.259527+00:00
21402,"Gillham-Cirka, Nicolas",G,0,39,BLB,2,0,0,0,0.0,0,0,0.0,0,0,0.0,0,0,0,0,0,300,Gillham-Cirka,Nicolas,"Gillham-Cirka, Nicolas",19,https://assets.leaguestat.com/lhjmq/logos/19.png,214,qmjhl,2026-27 | Regular Season,2026,2027,2026-09-30T16:21:29.259527+00:00
23429,"Ginnish, Jax",D,1,6,Cap,2,0,0,0,0.0,0,0,0.0,0,0,0.0,0,0,0,0,0,301,Ginnish,Jax,"Ginnish, Jax",3,https://assets.leaguestat.com/lhjmq/logos/3.png,214,qmjhl,2026-27 | Regular Season,2026,2027,2026-09-30T16:21:29.259527+00:00
24272,"Guérard, Simon-Olivier",G,1,0,Sha,2,0,0,0,0.0,0,0,0.0,0,0,0.0,0,0,0,0,0,302,Guérard,Simon-Olivier,"Guérard, Simon-Olivier",13,https://assets.leaguestat.com/lhjmq/logos/13.png,214,qmjhl,2026-27 | Regular Season,2026,2027,2026-09-30T16:21:29.259527+00:00
21415,"Herron, Jude",LW,0,92,Cha,2,0,0,3,0.0,0,0,0.0,0,2,1.0,0,0,0,0,0,303,Herron,Jude,"Herron, Jude",7,https://assets.leaguestat.com/lhjmq/logos/7.png,214,qmjhl,2026-27 | Regular Season,2026,2027,2026-09-30T16:21:29.259527+00:00
23403,"Hoyt, Austin",C,1,18,Rou,2,0,0,1,0.0,0,0,0.0,-2,0,0.0,0,0,0,0,0,304,Hoyt,Austin,"Hoyt, Austin",11,https://assets.leaguestat.com/lhjmq/logos/50x50/11.png,214,qmjhl,2026-27 | Regular Season,2026,2027,2026-09-30T16:21:29.259527+00:00
24605,"Kryvonos, Oleksii",C,1,27,Cha,2,0,0,1,0.0,0,0,0.0,1,0,0.0,0,0,0,0,0,305,Kryvonos,Oleksii,"Kryvonos, Oleksii",7,https://assets.leaguestat.com/lhjmq/logos/7.png,214,qmjhl,2026-27 | Regular Season,2026,2027,2026-09-30T16:21:29.259527+00:00
20178,"Labelle, Jordan",LW,0,23,VdO,2,0,0,5,0.0,0,0,0.0,1,0,0.0,0,0,0,0,0,306,Labelle,Jordan,"Labelle, Jordan",15,https://assets.leaguestat.com/lhjmq/logos/15.png,214,qmjhl,2026-27 | Regular Season,2026,2027,2026-09-30T16:21:29.259527+00:00
24259,"Lainesse, Zachary",G,1,1,Rou,2,0,0,0,0.0,0,0,0.0,0,0,0.0,0,0,0,0,0,307,Lainesse,Zachary,"Lainesse, Zachary",11,https://assets.leaguestat.com/lhjmq/logos/50x50/11.png,214,qmjhl,2026-27 | Regular Season,2026,2027,2026-09-30T16:21:29.259527+00:00
20224,"Lelièvre, Benjamin",G,0,73,BLB,2,0,0,0,0.0,0,0,0.0,0,0,0.0,0,0,0,0,0,308,Lelièvre,Benjamin,"Lelièvre, Benjamin",19,https://assets.leaguestat.com/lhjmq/logos/19.png,214,qmjhl,2026-27 | Regular Season,2026,2027,2026-09-30T16:21:29.259527+00:00
24473,"Lord, Edouard",G,0,1,Rim,2,0,0,0,0.0,0,0,0.0,0,0,0.0,0,0,0,0,0,309,Lord,Edouard,"Lord, Edouard",18,https://assets.leaguestat.com/lhjmq/logos/18_214.png,214,qmjhl,2026-27 | Regular Season,2026,2027,2026-09-30T16:21:29.259527+00:00
20199,"Meloche, Samuel",G,0,31,SNB,2,0,0,0,0.0,0,0,0.0,0,0,0.0,0,0,0,0,0,310,Meloche,Samuel,"Meloche, Samuel",8,https://assets.leaguestat.com/lhjmq/logos/50x50/8_214.png,214,qmjhl,2026-27 | Regular Season,2026,2027,2026-09-30T16:21:29.259527+00:00
24321,"Mertz, Carson",G,1,35,Hal,2,0,0,0,0.0,0,0,0.0,0,0,0.0,0,0,0,0,0,311,Mertz,Carson,"Mertz, Carson",5,https://assets.leaguestat.com/lhjmq/logos/5_214.png,214,qmjhl,2026-27 | Regular Season,2026,2027,2026-09-30T16:21:29.259527+00:00
24100,"Murphy, Luke",D,1,14,Gat,2,0,0,1,0.0,0,0,0.0,1,2,1.0,0,0,0,0,0,312,Murphy,Luke,"Murphy, Luke",12,https://assets.leaguestat.com/lhjmq/logos/50x50/12.png,214,qmjhl,2026-27 | Regular Season,2026,2027,2026-09-30T16:21:29.259527+00:00
23756,"Nappiot, Luca",D,0,71,Rim,2,0,0,2,0.0,0,0,0.0,1,0,0.0,0,0,0,0,0,313,Nappiot,Luca,"Nappiot, Luca",18,https://assets.leaguestat.com/lhjmq/logos/18_214.png,214,qmjhl,2026-27 | Regular Season,2026,2027,2026-09-30T16:21:29.259527+00:00
23379,"Ouellet, Nathan",RW,1,29,Sha,2,0,0,3,0.0,0,0,0.0,-1,0,0.0,0,0,0,0,0,314,Ouellet,Nathan,"Ouellet, Nathan",13,https://assets.leaguestat.com/lhjmq/logos/13.png,214,qmjhl,2026-27 | Regular Season,2026,2027,2026-09-30T16:21:29.259527+00:00
24096,"Peterson, Alexandre",RW,1,16,Rim,2,0,0,0,0.0,0,0,0.0,-1,0,0.0,0,0,0,0,0,315,Peterson,Alexandre,"Peterson, Alexandre",18,https://assets.leaguestat.com/lhjmq/logos/18_214.png,214,qmjhl,2026-27 | Regular Season,2026,2027,2026-09-30T16:21:29.259527+00:00
23402,"Petit, Zachary",D,1,7,Rou,2,0,0,3,0.0,0,0,0.0,1,0,0.0,0,0,0,0,0,316,Petit,Zachary,"Petit, Zachary",11,https://assets.leaguestat.com/lhjmq/logos/50x50/11.png,214,qmjhl,2026-27 | Regular Season,2026,2027,2026-09-30T16:21:29.259527+00:00
23434,"Poupart, Joseph",G,1,33,BaC,2,0,0,0,0.0,0,0,0.0,0,0,0.0,0,0,0,0,0,317,Poupart,Joseph,"Poupart, Joseph",16,https://assets.leaguestat.com/lhjmq/logos/16.png,214,qmjhl,2026-27 | Regular Season,2026,2027,2026-09-30T16:21:29.259527+00:00
20254,"Précourt, Raphaël",G,0,30,Chi,2,0,0,0,0.0,0,0,0.0,0,0,0.0,0,0,0,0,0,318,Précourt,Raphaël,"Précourt, Raphaël",10,https://assets.leaguestat.com/lhjmq/logos/10.png,214,qmjhl,2026-27 | Regular Season,2026,2027,2026-09-30T16:21:29.259527+00:00
21301,"Proulx, Antoine",G,0,35,NFL,2,0,0,0,0.0,0,0,0.0,0,0,0.0,0,0,0,0,0,319,Proulx,Antoine,"Proulx, Antoine",2,https://assets.leaguestat.com/lhjmq/logos/2_214.png,214,qmjhl,2026-27 | Regular Season,2026,2027,2026-09-30T16:21:29.259527+00:00
20334,"Raymond, Alexandre",G,0,33,Rou,2,0,0,0,0.0,0,0,0.0,0,0,0.0,0,0,0,0,0,320,Raymond,Alexandre,"Raymond, Alexandre",11,https://assets.leaguestat.com/lhjmq/logos/50x50/11.png,214,qmjhl,2026-27 | Regular Season,2026,2027,2026-09-30T16:21:29.259527+00:00
24585,"Rybkin, Yegor",G,0,50,Mon,2,0,0,0,0.0,0,0,0.0,0,0,0.0,0,0,0,0,0,321,Rybkin,Yegor,"Rybkin, Yegor",1,https://assets.leaguestat.com/lhjmq/logos/1.png,214,qmjhl,2026-27 | Regular Season,2026,2027,2026-09-30T16:21:29.259527+00:00
24308,"Savard, Mavrick",C,1,11,BaC,2,0,0,0,0.0,0,0,0.0,-2,2,1.0,0,0,0,0,0,322,Savard,Mavrick,"Savard, Mavrick",16,https://assets.leaguestat.com/lhjmq/logos/16.png,214,qmjhl,2026-27 | Regular Season,2026,2027,2026-09-30T16:21:29.259527+00:00
21317,"Savoie, Zakary",RW,0,0,Cap,2,0,0,1,0.0,0,0,0.0,1,0,0.0,0,0,0,0,0,323,Savoie,Zakary,"Savoie, Zakary",3,https://assets.leaguestat.com/lhjmq/logos/3.png,214,qmjhl,2026-27 | Regular Season,2026,2027,2026-09-30T16:21:29.259527+00:00
24524,"Serov, Vasily",LW,0,21,Gat,2,0,0,1,0.0,0,0,0.0,0,0,0.0,0,0,0,0,0,324,Serov,Vasily,"Serov, Vasily",12,https://assets.leaguestat.com/lhjmq/logos/50x50/12.png,214,qmjhl,2026-27 | Regular Season,2026,2027,2026-09-30T16:21:29.259527+00:00
24621,"Smith, Brady",D,0,6,Hal,2,0,0,3,0.0,0,0,0.0,0,0,0.0,0,0,0,0,0,325,Smith,Brady,"Smith, Brady",5,https://assets.leaguestat.com/lhjmq/logos/5_214.png,214,qmjhl,2026-27 | Regular Season,2026,2027,2026-09-30T16:21:29.259527+00:00
20283,"Vézina, William",C,0,19,Rou,2,0,0,2,0.0,0,0,0.0,1,0,0.0,0,0,0,0,0,326,Vézina,William,"Vézina, William",11,https://assets.leaguestat.com/lhjmq/logos/50x50/11.png,214,qmjhl,2026-27 | Regular Season,2026,2027,2026-09-30T16:21:29.259527+00:00
24258,"Williams, Lawrence",D,1,18,SNB,2,0,0,0,0.0,0,0,0.0,-1,0,0.0,0,0,0,0,0,327,Williams,Lawrence,"Williams, Lawrence",8,https://assets.leaguestat.com/lhjmq/logos/50x50/8_214.png,214,qmjhl,2026-27 | Regular Season,2026,2027,2026-09-30T16:21:29.259527+00:00
24576,"Aibatov, Daniyar",D,1,57,She,3,0,0,4,0.0,0,0,0.0,-3,2,0.67,0,0,0,0,0,328,Aibatov,Daniyar,"Aibatov, Daniyar",60,https://assets.leaguestat.com/lhjmq/logos/50x50/60.png,214,qmjhl,2026-27 | Regular Season,2026,2027,2026-09-30T16:21:29.259527+00:00
21331,"Andrews, Derek",C,0,11,Cap,3,0,0,6,0.0,0,0,0.0,-1,0,0.0,0,0,0,0,0,329,Andrews,Derek,"Andrews, Derek",3,https://assets.leaguestat.com/lhjmq/logos/3.png,214,qmjhl,2026-27 | Regular Season,2026,2027,2026-09-30T16:21:29.259527+00:00
23418,"Anello, Easton",D,1,2,Cap,3,0,0,0,0.0,0,0,0.0,0,0,0.0,0,0,0,0,0,330,Anello,Easton,"Anello, Easton",3,https://assets.leaguestat.com/lhjmq/logos/3.png,214,qmjhl,2026-27 | Regular Season,2026,2027,2026-09-30T16:21:29.259527+00:00
24251,"Bergeron, Julien",LW,1,95,Sha,3,0,0,1,0.0,0,0,0.0,-1,6,2.0,0,0,0,0,0,331,Bergeron,Julien,"Bergeron, Julien",13,https://assets.leaguestat.com/lhjmq/logos/13.png,214,qmjhl,2026-27 | Regular Season,2026,2027,2026-09-30T16:21:29.259527+00:00
19561,"Desjardins, Étienne",D,0,55,Que,3,0,0,4,0.0,0,0,0.0,-1,2,0.67,0,0,0,0,0,332,Desjardins,Étienne,"Desjardins, Étienne",9,https://assets.leaguestat.com/lhjmq/logos/9.png,214,qmjhl,2026-27 | Regular Season,2026,2027,2026-09-30T16:21:29.259527+00:00
23385,"Donia, Kaiden",D,1,17,She,3,0,0,3,0.0,0,0,0.0,0,0,0.0,0,0,0,0,0,333,Donia,Kaiden,"Donia, Kaiden",60,https://assets.leaguestat.com/lhjmq/logos/50x50/60.png,214,qmjhl,2026-27 | Regular Season,2026,2027,2026-09-30T16:21:29.259527+00:00
24284,"Fichthorn, Jack",G,0,30,Hal,3,0,0,0,0.0,0,0,0.0,0,2,0.67,0,0,0,0,0,334,Fichthorn,Jack,"Fichthorn, Jack",5,https://assets.leaguestat.com/lhjmq/logos/5_214.png,214,qmjhl,2026-27 | Regular Season,2026,2027,2026-09-30T16:21:29.259527+00:00
23657,"Gauthier, Alexis",C,0,28,SNB,3,0,0,2,0.0,0,0,0.0,-2,4,1.33,0,0,0,0,0,335,Gauthier,Alexis,"Gauthier, Alexis",8,https://assets.leaguestat.com/lhjmq/logos/50x50/8_214.png,214,qmjhl,2026-27 | Regular Season,2026,2027,2026-09-30T16:21:29.259527+00:00
20325,"Hernandez, Mathias",G,0,32,BaC,3,0,0,0,0.0,0,0,0.0,0,0,0.0,0,0,0,0,0,336,Hernandez,Mathias,"Hernandez, Mathias",16,https://assets.leaguestat.com/lhjmq/logos/16.png,214,qmjhl,2026-27 | Regular Season,2026,2027,2026-09-30T16:21:29.259527+00:00
23437,"Jackson, Kamden",G,1,32,Sha,3,0,0,0,0.0,0,0,0.0,0,0,0.0,0,0,0,0,0,337,Jackson,Kamden,"Jackson, Kamden",13,https://assets.leaguestat.com/lhjmq/logos/13.png,214,qmjhl,2026-27 | Regular Season,2026,2027,2026-09-30T16:21:29.259527+00:00
20239,"Labbé, Kyan",G,0,30,She,3,0,0,0,0.0,0,0,0.0,0,0,0.0,0,0,0,0,0,338,Labbé,Kyan,"Labbé, Kyan",60,https://assets.leaguestat.com/lhjmq/logos/50x50/60.png,214,qmjhl,2026-27 | Regular Season,2026,2027,2026-09-30T16:21:29.259527+00:00
23341,"Landry, Clément",D,1,44,Gat,3,0,0,4,0.0,0,0,0.0,1,8,2.67,0,0,0,0,0,339,Landry,Clément,"Landry, Clément",12,https://assets.leaguestat.com/lhjmq/logos/50x50/12.png,214,qmjhl,2026-27 | Regular Season,2026,2027,2026-09-30T16:21:29.259527+00:00
23741,"Larys, Jan",G,0,65,Dru,3,0,0,0,0.0,0,0,0.0,0,0,0.0,0,0,0,0,0,340,Larys,Jan,"Larys, Jan",14,https://assets.leaguestat.com/lhjmq/logos/50x50/14.png,214,qmjhl,2026-27 | Regular Season,2026,2027,2026-09-30T16:21:29.259527+00:00
23352,"MacPhee, Marc",C,1,28,Mon,3,0,0,0,0.0,0,0,0.0,-3,0,0.0,0,0,0,0,0,341,MacPhee,Marc,"MacPhee, Marc",1,https://assets.leaguestat.com/lhjmq/logos/1.png,214,qmjhl,2026-27 | Regular Season,2026,2027,2026-09-30T16:21:29.259527+00:00
21352,"Maheu, Étienne",RW,0,16,VdO,3,0,0,1,0.0,0,0,0.0,0,9,3.0,0,0,0,0,0,342,Maheu,Étienne,"Maheu, Étienne",15,https://assets.leaguestat.com/lhjmq/logos/15.png,214,qmjhl,2026-27 | Regular Season,2026,2027,2026-09-30T16:21:29.259527+00:00
24571,"Nikolayev, Andrei",G,1,33,Vic,3,0,0,0,0.0,0,0,0.0,0,2,0.67,0,0,0,0,0,343,Nikolayev,Andrei,"Nikolayev, Andrei",17,https://assets.leaguestat.com/lhjmq/logos/17.png,214,qmjhl,2026-27 | Regular Season,2026,2027,2026-09-30T16:21:29.259527+00:00
21401,"Paquet, Cohen",D,0,72,Vic,3,0,0,1,0.0,0,0,0.0,-1,2,0.67,0,0,0,0,0,344,Paquet,Cohen,"Paquet, Cohen",17,https://assets.leaguestat.com/lhjmq/logos/17.png,214,qmjhl,2026-27 | Regular Season,2026,2027,2026-09-30T16:21:29.259527+00:00
22097,"Petrut, Nicolas",C,0,72,Gat,3,0,0,8,0.0,0,0,0.0,0,0,0.0,0,0,0,0,0,345,Petrut,Nicolas,"Petrut, Nicolas",12,https://assets.leaguestat.com/lhjmq/logos/50x50/12.png,214,qmjhl,2026-27 | Regular Season,2026,2027,2026-09-30T16:21:29.259527+00:00
23734,"Radkov, Arseni",G,0,20,VdO,3,0,0,0,0.0,0,0,0.0,0,0,0.0,0,0,0,0,0,346,Radkov,Arseni,"Radkov, Arseni",15,https://assets.leaguestat.com/lhjmq/logos/15.png,214,qmjhl,2026-27 | Regular Season,2026,2027,2026-09-30T16:21:29.259527+00:00
19671,"Rousseau-Hamel, Mavrick",RW,0,63,Que,3,0,0,3,0.0,0,0,0.0,0,7,2.33,0,0,0,0,0,347,Rousseau-Hamel,Mavrick,"Rousseau-Hamel, Mavrick",9,https://assets.leaguestat.com/lhjmq/logos/9.png,214,qmjhl,2026-27 | Regular Season,2026,2027,2026-09-30T16:21:29.259527+00:00
20282,"Sinclair, Luke",RW,0,16,NFL,3,0,0,6,0.0,0,0,0.0,0,6,2.0,0,0,0,0,0,348,Sinclair,Luke,"Sinclair, Luke",2,https://assets.leaguestat.com/lhjmq/logos/2_214.png,214,qmjhl,2026-27 | Regular Season,2026,2027,2026-09-30T16:21:29.259527+00:00
20225,"Allison, Drew",D,0,3,BaC,4,0,0,3,0.0,0,0,0.0,-4,2,0.5,0,0,0,0,0,349,Allison,Drew,"Allison, Drew",16,https://assets.leaguestat.com/lhjmq/logos/16.png,214,qmjhl,2026-27 | Regular Season,2026,2027,2026-09-30T16:21:29.259527+00:00
23492,"Anderson, Duncan",D,1,79,Hal,4,0,0,2,0.0,0,0,0.0,-2,0,0.0,0,0,0,0,0,350,Anderson,Duncan,"Anderson, Duncan",5,https://assets.leaguestat.com/lhjmq/logos/5_214.png,214,qmjhl,2026-27 | Regular Season,2026,2027,2026-09-30T16:21:29.259527+00:00
24601,"Andreev, Fedor",D,1,8,Rou,4,0,0,6,0.0,0,0,0.0,-2,15,3.75,0,0,0,0,0,351,Andreev,Fedor,"Andreev, Fedor",11,https://assets.leaguestat.com/lhjmq/logos/50x50/11.png,214,qmjhl,2026-27 | Regular Season,2026,2027,2026-09-30T16:21:29.259527+00:00
23857,"Bénard, Éloi",C,0,26,She,4,0,0,2,0.0,0,0,0.0,2,4,1.0,0,0,0,0,0,352,Bénard,Éloi,"Bénard, Éloi",60,https://assets.leaguestat.com/lhjmq/logos/50x50/60.png,214,qmjhl,2026-27 | Regular Season,2026,2027,2026-09-30T16:21:29.259527+00:00
23459,"Boguniecki, Jake",D,1,33,Mon,4,0,0,4,0.0,0,0,0.0,-2,4,1.0,0,0,0,0,0,353,Boguniecki,Jake,"Boguniecki, Jake",1,https://assets.leaguestat.com/lhjmq/logos/1.png,214,qmjhl,2026-27 | Regular Season,2026,2027,2026-09-30T16:21:29.259527+00:00
21337,"Boucher, Jacob",D,1,44,Dru,4,0,0,0,0.0,0,0,0.0,-5,0,0.0,0,0,0,0,0,354,Boucher,Jacob,"Boucher, Jacob",14,https://assets.leaguestat.com/lhjmq/logos/50x50/14.png,214,qmjhl,2026-27 | Regular Season,2026,2027,2026-09-30T16:21:29.259527+00:00
23465,"Boulet, Charles-Étienne",RW,1,22,Rou,4,0,0,2,0.0,0,0,0.0,-1,2,0.5,0,0,0,0,0,355,Boulet,Charles-Étienne,"Boulet, Charles-Étienne",11,https://assets.leaguestat.com/lhjmq/logos/50x50/11.png,214,qmjhl,2026-27 | Regular Season,2026,2027,2026-09-30T16:21:29.259527+00:00
20255,"Bourque, Mathias",C,0,12,VdO,4,0,0,2,0.0,0,0,0.0,-4,4,1.0,0,0,0,0,0,356,Bourque,Mathias,"Bourque, Mathias",15,https://assets.leaguestat.com/lhjmq/logos/15.png,214,qmjhl,2026-27 | Regular Season,2026,2027,2026-09-30T16:21:29.259527+00:00
24247,"Boutet, Vincent",D,1,5,Vic,4,0,0,7,0.0,0,0,0.0,0,2,0.5,0,0,0,0,0,357,Boutet,Vincent,"Boutet, Vincent",17,https://assets.leaguestat.com/lhjmq/logos/17.png,214,qmjhl,2026-27 | Regular Season,2026,2027,2026-09-30T16:21:29.259527+00:00
23842,"Brennan, Logan",D,0,5,BLB,4,0,0,2,0.0,0,0,0.0,-3,12,3.0,0,0,0,0,0,358,Brennan,Logan,"Brennan, Logan",19,https://assets.leaguestat.com/lhjmq/logos/19.png,214,qmjhl,2026-27 | Regular Season,2026,2027,2026-09-30T16:21:29.259527+00:00
24667,"Campbell, Liam",LW,1,24,BLB,4,0,0,5,0.0,0,0,0.0,-3,0,0.0,0,0,0,0,0,359,Campbell,Liam,"Campbell, Liam",19,https://assets.leaguestat.com/lhjmq/logos/19.png,214,qmjhl,2026-27 | Regular Season,2026,2027,2026-09-30T16:21:29.259527+00:00
23443,"Campbell, Cooper",D,0,2,Dru,4,0,0,8,0.0,0,0,0.0,3,4,1.0,0,0,0,0,0,360,Campbell,Cooper,"Campbell, Cooper",14,https://assets.leaguestat.com/lhjmq/logos/50x50/14.png,214,qmjhl,2026-27 | Regular Season,2026,2027,2026-09-30T16:21:29.259527+00:00
20236,"Carbonneau, Hemrick",D,0,15,VdO,4,0,0,3,0.0,0,0,0.0,0,0,0.0,0,0,0,0,0,361,Carbonneau,Hemrick,"Carbonneau, Hemrick",15,https://assets.leaguestat.com/lhjmq/logos/15.png,214,qmjhl,2026-27 | Regular Season,2026,2027,2026-09-30T16:21:29.259527+00:00
23397,"Chouinard, Zachary",RW,1,12,BLB,4,0,0,0,0.0,0,0,0.0,-2,0,0.0,0,0,0,0,0,362,Chouinard,Zachary,"Chouinard, Zachary",19,https://assets.leaguestat.com/lhjmq/logos/19.png,214,qmjhl,2026-27 | Regular Season,2026,2027,2026-09-30T16:21:29.259527+00:00
23257,"Cormier, Xavier",D,0,43,Dru,4,0,0,9,0.0,0,0,0.0,-1,2,0.5,0,0,0,0,0,363,Cormier,Xavier,"Cormier, Xavier",14,https://assets.leaguestat.com/lhjmq/logos/50x50/14.png,214,qmjhl,2026-27 | Regular Season,2026,2027,2026-09-30T16:21:29.259527+00:00
23400,"Corso, Benjamin",D,1,71,Sha,4,0,0,2,0.0,0,0,0.0,-7,2,0.5,0,0,0,0,0,364,Corso,Benjamin,"Corso, Benjamin",13,https://assets.leaguestat.com/lhjmq/logos/13.png,214,qmjhl,2026-27 | Regular Season,2026,2027,2026-09-30T16:21:29.259527+00:00
21287,"Daniele, Biagio Jr",D,0,8,BaC,4,0,0,8,0.0,0,0,0.0,-3,0,0.0,0,0,0,0,0,365,Daniele,Biagio Jr,"Daniele, Biagio Jr",16,https://assets.leaguestat.com/lhjmq/logos/16.png,214,qmjhl,2026-27 | Regular Season,2026,2027,2026-09-30T16:21:29.259527+00:00
21330,"Demers, Josh",RW,0,51,VdO,4,0,0,3,0.0,0,0,0.0,-4,2,0.5,0,0,0,0,0,366,Demers,Josh,"Demers, Josh",15,https://assets.leaguestat.com/lhjmq/logos/15.png,214,qmjhl,2026-27 | Regular Season,2026,2027,2026-09-30T16:21:29.259527+00:00
21311,"Déniger, Patrick",G,0,33,Que,4,0,0,0,0.0,0,0,0.0,0,0,0.0,0,0,0,0,0,367,Déniger,Patrick,"Déniger, Patrick",9,https://assets.leaguestat.com/lhjmq/logos/9.png,214,qmjhl,2026-27 | Regular Season,2026,2027,2026-09-30T16:21:29.259527+00:00
23365,"Desrochers, Malik",RW,1,92,Sha,4,0,0,4,0.0,0,0,0.0,-3,2,0.5,0,0,0,0,0,368,Desrochers,Malik,"Desrochers, Malik",13,https://assets.leaguestat.com/lhjmq/logos/13.png,214,qmjhl,2026-27 | Regular Season,2026,2027,2026-09-30T16:21:29.259527+00:00
24333,"Evans, Nick",D,0,2,BaC,4,0,0,2,0.0,0,0,0.0,0,2,0.5,0,0,0,0,0,369,Evans,Nick,"Evans, Nick",16,https://assets.leaguestat.com/lhjmq/logos/16.png,214,qmjhl,2026-27 | Regular Season,2026,2027,2026-09-30T16:21:29.259527+00:00
24098,"Fagan, PJ",D,0,7,BLB,4,0,0,4,0.0,0,0,0.0,-1,12,3.0,0,0,0,0,0,370,Fagan,PJ,"Fagan, PJ",19,https://assets.leaguestat.com/lhjmq/logos/19.png,214,qmjhl,2026-27 | Regular Season,2026,2027,2026-09-30T16:21:29.259527+00:00
24263,"Faucher, Eliot",D,1,23,Sha,4,0,0,1,0.0,0,0,0.0,-3,6,1.5,0,0,0,0,0,371,Faucher,Eliot,"Faucher, Eliot",13,https://assets.leaguestat.com/lhjmq/logos/13.png,214,qmjhl,2026-27 | Regular Season,2026,2027,2026-09-30T16:21:29.259527+00:00
20186,"Fortin, Alexis",D,0,77,Sha,4,0,0,1,0.0,0,0,0.0,-1,0,0.0,0,0,0,0,0,372,Fortin,Alexis,"Fortin, Alexis",13,https://assets.leaguestat.com/lhjmq/logos/13.png,214,qmjhl,2026-27 | Regular Season,2026,2027,2026-09-30T16:21:29.259527+00:00
19590,"Gilbert, Mattias",D,0,13,BaC,4,0,0,6,0.0,0,0,0.0,-1,0,0.0,0,0,0,0,0,373,Gilbert,Mattias,"Gilbert, Mattias",16,https://assets.leaguestat.com/lhjmq/logos/16.png,214,qmjhl,2026-27 | Regular Season,2026,2027,2026-09-30T16:21:29.259527+00:00
20233,"Gosselin, Alonso",D,0,13,Cap,4,0,0,11,0.0,0,0,0.0,-1,6,1.5,0,0,0,0,0,374,Gosselin,Alonso,"Gosselin, Alonso",3,https://assets.leaguestat.com/lhjmq/logos/3.png,214,qmjhl,2026-27 | Regular Season,2026,2027,2026-09-30T16:21:29.259527+00:00
23368,"Gosselin, Léo-Gabriel",C,1,22,BaC,4,0,0,8,0.0,0,0,0.0,-4,0,0.0,0,0,0,0,0,375,Gosselin,Léo-Gabriel,"Gosselin, Léo-Gabriel",16,https://assets.leaguestat.com/lhjmq/logos/16.png,214,qmjhl,2026-27 | Regular Season,2026,2027,2026-09-30T16:21:29.259527+00:00
21294,"Gouchie, Jacob",D,0,6,VdO,4,0,0,3,0.0,0,0,0.0,-1,8,2.0,0,0,0,0,0,376,Gouchie,Jacob,"Gouchie, Jacob",15,https://assets.leaguestat.com/lhjmq/logos/15.png,214,qmjhl,2026-27 | Regular Season,2026,2027,2026-09-30T16:21:29.259527+00:00
23376,"Gualberto Jr., Paulo",LW,0,93,Hal,4,0,0,2,0.0,0,0,0.0,-4,0,0.0,0,0,0,0,0,377,Gualberto Jr.,Paulo,"Gualberto Jr., Paulo",5,https://assets.leaguestat.com/lhjmq/logos/5_214.png,214,qmjhl,2026-27 | Regular Season,2026,2027,2026-09-30T16:21:29.259527+00:00
20205,"Hachey, Zachary",D,0,6,BaC,4,0,0,5,0.0,0,0,0.0,-5,0,0.0,0,0,0,0,0,378,Hachey,Zachary,"Hachey, Zachary",16,https://assets.leaguestat.com/lhjmq/logos/16.png,214,qmjhl,2026-27 | Regular Season,2026,2027,2026-09-30T16:21:29.259527+00:00
23375,"Haye, Cameron",C,0,71,Cha,4,0,0,4,0.0,0,0,0.0,0,0,0.0,0,0,0,0,0,379,Haye,Cameron,"Haye, Cameron",7,https://assets.leaguestat.com/lhjmq/logos/7.png,214,qmjhl,2026-27 | Regular Season,2026,2027,2026-09-30T16:21:29.259527+00:00
20226,"Hickey, Donald",G,0,1,Cha,4,0,0,0,0.0,0,0,0.0,0,0,0.0,0,0,0,0,0,380,Hickey,Donald,"Hickey, Donald",7,https://assets.leaguestat.com/lhjmq/logos/7.png,214,qmjhl,2026-27 | Regular Season,2026,2027,2026-09-30T16:21:29.259527+00:00
23398,"Jewer, Ryan",D,1,43,Cha,4,0,0,2,0.0,0,0,0.0,4,4,1.0,0,0,0,0,0,381,Jewer,Ryan,"Jewer, Ryan",7,https://assets.leaguestat.com/lhjmq/logos/7.png,214,qmjhl,2026-27 | Regular Season,2026,2027,2026-09-30T16:21:29.259527+00:00
21325,"Laframboise, Dylan",RW,0,93,Sha,4,0,0,3,0.0,0,0,0.0,-2,4,1.0,0,0,0,0,0,382,Laframboise,Dylan,"Laframboise, Dylan",13,https://assets.leaguestat.com/lhjmq/logos/13.png,214,qmjhl,2026-27 | Regular Season,2026,2027,2026-09-30T16:21:29.259527+00:00
19524,"Lanthier, Julien",D,0,72,SNB,4,0,0,6,0.0,0,0,0.0,-6,6,1.5,0,0,0,0,0,383,Lanthier,Julien,"Lanthier, Julien",8,https://assets.leaguestat.com/lhjmq/logos/50x50/8_214.png,214,qmjhl,2026-27 | Regular Season,2026,2027,2026-09-30T16:21:29.259527+00:00
24267,"Lazare, Bryce",C,1,21,BaC,4,0,0,3,0.0,0,0,0.0,-3,0,0.0,0,0,0,0,0,384,Lazare,Bryce,"Lazare, Bryce",16,https://assets.leaguestat.com/lhjmq/logos/16.png,214,qmjhl,2026-27 | Regular Season,2026,2027,2026-09-30T16:21:29.259527+00:00
21320,"Lemieux-Goupil, Emile-Alexandro",D,0,76,Chi,4,0,0,1,0.0,0,0,0.0,2,6,1.5,0,0,0,0,0,385,Lemieux-Goupil,Emile-Alexandro,"Lemieux-Goupil, Emile-Alexandro",10,https://assets.leaguestat.com/lhjmq/logos/10.png,214,qmjhl,2026-27 | Regular Season,2026,2027,2026-09-30T16:21:29.259527+00:00
23401,"Levy, Noah",D,1,74,Cap,4,0,0,1,0.0,0,0,0.0,-1,8,2.0,0,0,0,0,0,386,Levy,Noah,"Levy, Noah",3,https://assets.leaguestat.com/lhjmq/logos/3.png,214,qmjhl,2026-27 | Regular Season,2026,2027,2026-09-30T16:21:29.259527+00:00
21501,"MacLeod, Cole",RW,1,28,Hal,4,0,0,1,0.0,0,0,0.0,-2,0,0.0,0,0,0,0,0,387,MacLeod,Cole,"MacLeod, Cole",5,https://assets.leaguestat.com/lhjmq/logos/5_214.png,214,qmjhl,2026-27 | Regular Season,2026,2027,2026-09-30T16:21:29.259527+00:00
23945,"Manchuso, William",C,1,10,Mon,4,0,0,1,0.0,0,0,0.0,-1,0,0.0,0,0,0,0,0,388,Manchuso,William,"Manchuso, William",1,https://assets.leaguestat.com/lhjmq/logos/1.png,214,qmjhl,2026-27 | Regular Season,2026,2027,2026-09-30T16:21:29.259527+00:00
24642,"McKenzie, Hunter",LW,0,17,Que,4,0,0,4,0.0,0,0,0.0,-1,0,0.0,0,0,0,0,0,389,McKenzie,Hunter,"McKenzie, Hunter",9,https://assets.leaguestat.com/lhjmq/logos/9.png,214,qmjhl,2026-27 | Regular Season,2026,2027,2026-09-30T16:21:29.259527+00:00
23349,"Minella, Cameron",D,0,23,Hal,4,0,0,2,0.0,0,0,0.0,-5,4,1.0,0,0,0,0,0,390,Minella,Cameron,"Minella, Cameron",5,https://assets.leaguestat.com/lhjmq/logos/5_214.png,214,qmjhl,2026-27 | Regular Season,2026,2027,2026-09-30T16:21:29.259527+00:00
23358,"Murphy, Drew",LW,1,16,Cap,4,0,0,4,0.0,0,0,0.0,-2,6,1.5,0,0,0,0,0,391,Murphy,Drew,"Murphy, Drew",3,https://assets.leaguestat.com/lhjmq/logos/3.png,214,qmjhl,2026-27 | Regular Season,2026,2027,2026-09-30T16:21:29.259527+00:00
24197,"Nee, Evan",LW,0,43,Hal,4,0,0,11,0.0,0,0,0.0,-5,2,0.5,0,0,0,0,0,392,Nee,Evan,"Nee, Evan",5,https://assets.leaguestat.com/lhjmq/logos/5_214.png,214,qmjhl,2026-27 | Regular Season,2026,2027,2026-09-30T16:21:29.259527+00:00
23334,"Norman, Quinn",D,0,91,NFL,4,0,0,3,0.0,0,0,0.0,5,4,1.0,0,0,0,0,0,393,Norman,Quinn,"Norman, Quinn",2,https://assets.leaguestat.com/lhjmq/logos/2_214.png,214,qmjhl,2026-27 | Regular Season,2026,2027,2026-09-30T16:21:29.259527+00:00
24705,"O'Neill, Candon",D,0,10,Chi,4,0,0,8,0.0,0,0,0.0,-1,2,0.5,0,0,0,0,0,394,O'Neill,Candon,"O'Neill, Candon",10,https://assets.leaguestat.com/lhjmq/logos/10.png,214,qmjhl,2026-27 | Regular Season,2026,2027,2026-09-30T16:21:29.259527+00:00
21361,"Perron, Mathieu",RW,1,18,Vic,4,0,0,4,0.0,0,0,0.0,-2,6,1.5,0,0,0,0,0,395,Perron,Mathieu,"Perron, Mathieu",17,https://assets.leaguestat.com/lhjmq/logos/17.png,214,qmjhl,2026-27 | Regular Season,2026,2027,2026-09-30T16:21:29.259527+00:00
24648,"Rothstein, Jason",C,1,17,Cap,4,0,0,3,0.0,0,0,0.0,-3,0,0.0,0,0,0,0,0,396,Rothstein,Jason,"Rothstein, Jason",3,https://assets.leaguestat.com/lhjmq/logos/3.png,214,qmjhl,2026-27 | Regular Season,2026,2027,2026-09-30T16:21:29.259527+00:00
24261,"Roy, Enzo",D,1,25,BaC,4,0,0,5,0.0,0,0,0.0,-5,0,0.0,0,0,0,0,0,397,Roy,Enzo,"Roy, Enzo",16,https://assets.leaguestat.com/lhjmq/logos/16.png,214,qmjhl,2026-27 | Regular Season,2026,2027,2026-09-30T16:21:29.259527+00:00
21305,"Sabourin, Xavier",RW,0,42,BaC,4,0,0,1,0.0,0,0,0.0,-4,0,0.0,0,0,0,0,0,398,Sabourin,Xavier,"Sabourin, Xavier",16,https://assets.leaguestat.com/lhjmq/logos/16.png,214,qmjhl,2026-27 | Regular Season,2026,2027,2026-09-30T16:21:29.259527+00:00
21326,"Santini, Amelio",C,0,10,BLB,4,0,0,7,0.0,0,0,0.0,-1,0,0.0,0,0,0,0,0,399,Santini,Amelio,"Santini, Amelio",19,https://assets.leaguestat.com/lhjmq/logos/19.png,214,qmjhl,2026-27 | Regular Season,2026,2027,2026-09-30T16:21:29.259527+00:00
20181,"Seymour, Jabez",RW,0,23,SNB,4,0,0,5,0.0,0,0,0.0,-2,13,3.25,0,0,0,0,0,400,Seymour,Jabez,"Seymour, Jabez",8,https://assets.leaguestat.com/lhjmq/logos/50x50/8_214.png,214,qmjhl,2026-27 | Regular Season,2026,2027,2026-09-30T16:21:29.259527+00:00
23743,"Shaiikov, Danai",G,0,90,Gat,4,0,0,0,0.0,0,0,0.0,0,0,0.0,0,0,0,0,0,401,Shaiikov,Danai,"Shaiikov, Danai",12,https://assets.leaguestat.com/lhjmq/logos/50x50/12.png,214,qmjhl,2026-27 | Regular Season,2026,2027,2026-09-30T16:21:29.259527+00:00
21245,"Smail, Jackson",RW,1,86,Hal,4,0,0,10,0.0,0,0,0.0,-1,0,0.0,0,0,0,0,0,402,Smail,Jackson,"Smail, Jackson",5,https://assets.leaguestat.com/lhjmq/logos/5_214.png,214,qmjhl,2026-27 | Regular Season,2026,2027,2026-09-30T16:21:29.259527+00:00
24464,"Terglav, Nolan",LW,1,86,Chi,4,0,0,4,0.0,0,0,0.0,-2,2,0.5,0,0,0,0,0,403,Terglav,Nolan,"Terglav, Nolan",10,https://assets.leaguestat.com/lhjmq/logos/10.png,214,qmjhl,2026-27 | Regular Season,2026,2027,2026-09-30T16:21:29.259527+00:00
21450,"Thornborough, Spencer",LW,0,26,Mon,4,0,0,2,0.0,0,0,0.0,-2,2,0.5,0,0,0,0,0,404,Thornborough,Spencer,"Thornborough, Spencer",1,https://assets.leaguestat.com/lhjmq/logos/1.png,214,qmjhl,2026-27 | Regular Season,2026,2027,2026-09-30T16:21:29.259527+00:00
24260,"Tremblay, Malik",RW,1,16,Rou,4,0,0,5,0.0,0,0,0.0,1,0,0.0,0,0,0,0,0,405,Tremblay,Malik,"Tremblay, Malik",11,https://assets.leaguestat.com/lhjmq/logos/50x50/11.png,214,qmjhl,2026-27 | Regular Season,2026,2027,2026-09-30T16:21:29.259527+00:00
21283,"Yared, William",RW,0,10,Sha,4,0,0,2,0.0,0,0,0.0,-8,2,0.5,0,0,0,0,0,406,Yared,William,"Yared, William",13,https://assets.leaguestat.com/lhjmq/logos/13.png,214,qmjhl,2026-27 | Regular Season,2026,2027,2026-09-30T16:21:29.259527+00:00
