player_id,shortname,rookie,jerseyNumber,teamCode,GP,minutes_played,S,save_percentage,goals_against,shutouts,wins,losses,ot_losses,shootout_games_played,shootout_losses,shootout_wins,shootout_goals_against,shootout_attempts,shootout_percentage,ties,goals_against_average,rank,name,firstName,lastName,playerName,teamId,teamLogo,season,league,seasonName,seasonStartYear,seasonEndYear,scraped_at
23420,J. Lee,1,34,Chi,3,118:39,36,0.944,2,1,1,1,0,0,0,0,0,0,0.000,0,1.01,1,J. Lee,J.,Lee,J. Lee,10,https://assets.leaguestat.com/lhjmq/logos/10.png,214,qmjhl,2026-27 | Regular Season,2026,2027,2026-10-09T14:57:13.188008+00:00
21301,A. Proulx,0,35,NFL,3,180:26,95,0.958,4,1,3,0,0,0,0,0,0,0,0.000,0,1.33,2,A. Proulx,A.,Proulx,A. Proulx,2,https://assets.leaguestat.com/lhjmq/logos/2_214.png,214,qmjhl,2026-27 | Regular Season,2026,2027,2026-10-09T14:57:13.188008+00:00
23734,A. Radkov,0,20,VdO,4,220:56,89,0.910,8,0,2,0,1,0,0,0,0,0,0.000,0,2.17,3,A. Radkov,A.,Radkov,A. Radkov,15,https://assets.leaguestat.com/lhjmq/logos/15.png,214,qmjhl,2026-27 | Regular Season,2026,2027,2026-10-09T14:57:13.188008+00:00
20334,A. Raymond,0,33,Rou,4,240:30,103,0.913,9,1,2,1,1,0,0,0,0,0,0.000,0,2.25,4,A. Raymond,A.,Raymond,A. Raymond,11,https://assets.leaguestat.com/lhjmq/logos/50x50/11.png,214,qmjhl,2026-27 | Regular Season,2026,2027,2026-10-09T14:57:13.188008+00:00
24531,M. Blackwood,1,29,Rim,3,180:00,84,0.917,7,0,3,0,0,0,0,0,0,0,0.000,0,2.33,5,M. Blackwood,M.,Blackwood,M. Blackwood,18,https://assets.leaguestat.com/lhjmq/logos/18_214.png,214,qmjhl,2026-27 | Regular Season,2026,2027,2026-10-09T14:57:13.188008+00:00
21311,P. Déniger,0,33,Que,5,300:01,132,0.909,12,1,4,1,0,0,0,0,0,0,0.000,0,2.40,6,P. Déniger,P.,Déniger,P. Déniger,9,https://assets.leaguestat.com/lhjmq/logos/9.png,214,qmjhl,2026-27 | Regular Season,2026,2027,2026-10-09T14:57:13.188008+00:00
23743,D. Shaiikov,0,90,Gat,6,340:52,143,0.895,15,0,3,0,2,0,0,0,0,0,0.000,0,2.64,7,D. Shaiikov,D.,Shaiikov,D. Shaiikov,12,https://assets.leaguestat.com/lhjmq/logos/50x50/12.png,214,qmjhl,2026-27 | Regular Season,2026,2027,2026-10-09T14:57:13.188008+00:00
20199,S. Meloche,0,31,SNB,4,249:50,121,0.909,11,0,3,0,0,2,1,1,1,4,0.750,0,2.64,8,S. Meloche,S.,Meloche,S. Meloche,8,https://assets.leaguestat.com/lhjmq/logos/50x50/8_214.png,214,qmjhl,2026-27 | Regular Season,2026,2027,2026-10-09T14:57:13.188008+00:00
20198,L. Beckman,0,33,Cap,4,244:05,101,0.891,11,0,2,1,0,1,1,0,2,3,0.333,0,2.70,9,L. Beckman,L.,Beckman,L. Beckman,3,https://assets.leaguestat.com/lhjmq/logos/3.png,214,qmjhl,2026-27 | Regular Season,2026,2027,2026-10-09T14:57:13.188008+00:00
20239,K. Labbé,0,30,She,5,298:05,136,0.897,14,0,4,1,0,0,0,0,0,0,0.000,0,2.82,10,K. Labbé,K.,Labbé,K. Labbé,60,https://assets.leaguestat.com/lhjmq/logos/50x50/60.png,214,qmjhl,2026-27 | Regular Season,2026,2027,2026-10-09T14:57:13.188008+00:00
21515,P. Stockseth,1,29,She,1,61:06,25,0.880,3,0,0,0,1,0,0,0,0,0,0.000,0,2.95,11,P. Stockseth,P.,Stockseth,P. Stockseth,60,https://assets.leaguestat.com/lhjmq/logos/50x50/60.png,214,qmjhl,2026-27 | Regular Season,2026,2027,2026-10-09T14:57:13.188008+00:00
23481,T. Dubuc,1,35,Que,1,60:00,31,0.903,3,0,1,0,0,0,0,0,0,0,0.000,0,3.00,12,T. Dubuc,T.,Dubuc,T. Dubuc,9,https://assets.leaguestat.com/lhjmq/logos/9.png,214,qmjhl,2026-27 | Regular Season,2026,2027,2026-10-09T14:57:13.188008+00:00
24259,Z. Lainesse,1,1,Rou,3,177:09,92,0.902,9,0,1,1,1,0,0,0,0,0,0.000,0,3.05,13,Z. Lainesse,Z.,Lainesse,Z. Lainesse,11,https://assets.leaguestat.com/lhjmq/logos/50x50/11.png,214,qmjhl,2026-27 | Regular Season,2026,2027,2026-10-09T14:57:13.188008+00:00
20254,R. Précourt,0,30,Chi,2,117:41,51,0.882,6,0,1,1,0,0,0,0,0,0,0.000,0,3.06,14,R. Précourt,R.,Précourt,R. Précourt,10,https://assets.leaguestat.com/lhjmq/logos/10.png,214,qmjhl,2026-27 | Regular Season,2026,2027,2026-10-09T14:57:13.188008+00:00
20480,L. Denault,0,31,NFL,4,242:26,120,0.892,13,0,2,1,1,0,0,0,0,0,0.000,0,3.22,15,L. Denault,L.,Denault,L. Denault,2,https://assets.leaguestat.com/lhjmq/logos/2_214.png,214,qmjhl,2026-27 | Regular Season,2026,2027,2026-10-09T14:57:13.188008+00:00
24585,Y. Rybkin,0,50,Mon,4,241:47,142,0.908,13,0,3,1,0,0,0,0,0,0,0.000,0,3.23,16,Y. Rybkin,Y.,Rybkin,Y. Rybkin,1,https://assets.leaguestat.com/lhjmq/logos/1.png,214,qmjhl,2026-27 | Regular Season,2026,2027,2026-10-09T14:57:13.188008+00:00
23353,S. Berthiaume,1,92,Cap,2,130:00,62,0.887,7,0,0,0,0,2,2,0,4,9,0.556,0,3.23,17,S. Berthiaume,S.,Berthiaume,S. Berthiaume,3,https://assets.leaguestat.com/lhjmq/logos/3.png,214,qmjhl,2026-27 | Regular Season,2026,2027,2026-10-09T14:57:13.188008+00:00
20260,P. Boucher,0,40,Sha,4,194:07,121,0.909,11,0,1,2,1,0,0,0,0,0,0.000,0,3.40,18,P. Boucher,P.,Boucher,P. Boucher,13,https://assets.leaguestat.com/lhjmq/logos/13.png,214,qmjhl,2026-27 | Regular Season,2026,2027,2026-10-09T14:57:13.188008+00:00
21367,V. Moreau,0,31,VdO,3,139:04,75,0.893,8,0,2,1,0,0,0,0,0,0,0.000,0,3.45,19,V. Moreau,V.,Moreau,V. Moreau,15,https://assets.leaguestat.com/lhjmq/logos/15.png,214,qmjhl,2026-27 | Regular Season,2026,2027,2026-10-09T14:57:13.188008+00:00
23741,J. Larys,0,65,Dru,5,254:46,130,0.885,15,0,2,2,0,0,0,0,0,0,0.000,0,3.53,20,J. Larys,J.,Larys,J. Larys,14,https://assets.leaguestat.com/lhjmq/logos/50x50/14.png,214,qmjhl,2026-27 | Regular Season,2026,2027,2026-10-09T14:57:13.188008+00:00
24321,C. Mertz,1,35,Hal,3,169:30,83,0.880,10,0,1,0,1,0,0,0,0,0,0.000,0,3.54,21,C. Mertz,C.,Mertz,C. Mertz,5,https://assets.leaguestat.com/lhjmq/logos/5_214.png,214,qmjhl,2026-27 | Regular Season,2026,2027,2026-10-09T14:57:13.188008+00:00
21388,J. Weiner,0,35,Mon,3,186:03,111,0.901,11,0,2,1,0,1,0,1,0,3,1.000,0,3.55,22,J. Weiner,J.,Weiner,J. Weiner,1,https://assets.leaguestat.com/lhjmq/logos/1.png,214,qmjhl,2026-27 | Regular Season,2026,2027,2026-10-09T14:57:13.188008+00:00
21323,R. Courchesne,0,37,SNB,2,119:59,49,0.837,8,0,0,1,1,0,0,0,0,0,0.000,0,4.00,23,R. Courchesne,R.,Courchesne,R. Courchesne,8,https://assets.leaguestat.com/lhjmq/logos/50x50/8_214.png,214,qmjhl,2026-27 | Regular Season,2026,2027,2026-10-09T14:57:13.188008+00:00
24735,S. Ronan,1,31,Cha,1,60:00,29,0.862,4,0,1,0,0,0,0,0,0,0,0.000,0,4.00,24,S. Ronan,S.,Ronan,S. Ronan,7,https://assets.leaguestat.com/lhjmq/logos/7.png,214,qmjhl,2026-27 | Regular Season,2026,2027,2026-10-09T14:57:13.188008+00:00
24473,E. Lord,0,1,Rim,3,179:28,104,0.885,12,0,2,0,1,0,0,0,0,0,0.000,0,4.01,25,E. Lord,E.,Lord,E. Lord,18,https://assets.leaguestat.com/lhjmq/logos/18_214.png,214,qmjhl,2026-27 | Regular Season,2026,2027,2026-10-09T14:57:13.188008+00:00
20224,B. Lelièvre,0,73,BLB,4,238:59,143,0.888,16,0,1,3,0,0,0,0,0,0,0.000,0,4.02,26,B. Lelièvre,B.,Lelièvre,B. Lelièvre,19,https://assets.leaguestat.com/lhjmq/logos/19.png,214,qmjhl,2026-27 | Regular Season,2026,2027,2026-10-09T14:57:13.188008+00:00
21402,N. Gillham-Cirka,0,39,BLB,4,238:38,119,0.866,16,0,1,3,0,0,0,0,0,0,0.000,0,4.02,27,N. Gillham-Cirka,N.,Gillham-Cirka,N. Gillham-Cirka,19,https://assets.leaguestat.com/lhjmq/logos/19.png,214,qmjhl,2026-27 | Regular Season,2026,2027,2026-10-09T14:57:13.188008+00:00
20226,D. Hickey,0,1,Cha,7,427:58,253,0.885,29,0,3,2,2,1,0,1,1,7,0.857,0,4.07,28,D. Hickey,D.,Hickey,D. Hickey,7,https://assets.leaguestat.com/lhjmq/logos/7.png,214,qmjhl,2026-27 | Regular Season,2026,2027,2026-10-09T14:57:13.188008+00:00
24571,A. Nikolayev,1,33,Vic,6,331:22,205,0.888,23,0,4,2,0,0,0,0,0,0,0.000,0,4.16,29,A. Nikolayev,A.,Nikolayev,A. Nikolayev,17,https://assets.leaguestat.com/lhjmq/logos/17.png,214,qmjhl,2026-27 | Regular Season,2026,2027,2026-10-09T14:57:13.188008+00:00
24108,F. Moffett,0,35,Gat,2,86:02,39,0.846,6,0,1,1,0,0,0,0,0,0,0.000,0,4.18,30,F. Moffett,F.,Moffett,F. Moffett,12,https://assets.leaguestat.com/lhjmq/logos/50x50/12.png,214,qmjhl,2026-27 | Regular Season,2026,2027,2026-10-09T14:57:13.188008+00:00
24591,P. Plumins,1,31,Chi,2,113:23,49,0.837,8,0,0,2,0,0,0,0,0,0,0.000,0,4.23,31,P. Plumins,P.,Plumins,P. Plumins,10,https://assets.leaguestat.com/lhjmq/logos/10.png,214,qmjhl,2026-27 | Regular Season,2026,2027,2026-10-09T14:57:13.188008+00:00
23434,J. Poupart,1,33,BaC,3,138:47,76,0.868,10,0,0,2,0,0,0,0,0,0,0.000,0,4.32,32,J. Poupart,J.,Poupart,J. Poupart,16,https://assets.leaguestat.com/lhjmq/logos/16.png,214,qmjhl,2026-27 | Regular Season,2026,2027,2026-10-09T14:57:13.188008+00:00
24284,J. Fichthorn,0,30,Hal,5,257:29,105,0.819,19,0,2,1,2,1,0,1,1,3,0.667,0,4.43,33,J. Fichthorn,J.,Fichthorn,J. Fichthorn,5,https://assets.leaguestat.com/lhjmq/logos/5_214.png,214,qmjhl,2026-27 | Regular Season,2026,2027,2026-10-09T14:57:13.188008+00:00
21422,A. Catanzariti,0,31,Vic,3,148:55,89,0.865,12,0,2,0,0,0,0,0,0,0,0.000,0,4.83,34,A. Catanzariti,A.,Catanzariti,A. Catanzariti,17,https://assets.leaguestat.com/lhjmq/logos/17.png,214,qmjhl,2026-27 | Regular Season,2026,2027,2026-10-09T14:57:13.188008+00:00
20325,M. Hernandez,0,32,BaC,4,217:43,116,0.845,18,0,0,4,0,0,0,0,0,0,0.000,0,4.96,35,M. Hernandez,M.,Hernandez,M. Hernandez,16,https://assets.leaguestat.com/lhjmq/logos/16.png,214,qmjhl,2026-27 | Regular Season,2026,2027,2026-10-09T14:57:13.188008+00:00
24474,T. Saulnier,1,30,Rim,1,57:49,27,0.815,5,0,0,1,0,0,0,0,0,0,0.000,0,5.19,36,T. Saulnier,T.,Saulnier,T. Saulnier,18,https://assets.leaguestat.com/lhjmq/logos/18_214.png,214,qmjhl,2026-27 | Regular Season,2026,2027,2026-10-09T14:57:13.188008+00:00
23437,K. Jackson,1,32,Sha,3,122:52,95,0.853,14,0,0,1,0,0,0,0,0,0,0.000,0,6.84,37,K. Jackson,K.,Jackson,K. Jackson,13,https://assets.leaguestat.com/lhjmq/logos/13.png,214,qmjhl,2026-27 | Regular Season,2026,2027,2026-10-09T14:57:13.188008+00:00
23383,M. Fortin,0,90,Dru,2,103:12,73,0.808,14,0,0,2,0,0,0,0,0,0,0.000,0,8.14,38,M. Fortin,M.,Fortin,M. Fortin,14,https://assets.leaguestat.com/lhjmq/logos/50x50/14.png,214,qmjhl,2026-27 | Regular Season,2026,2027,2026-10-09T14:57:13.188008+00:00
24272,S. Guérard,1,0,Sha,2,44:44,47,0.809,9,0,0,1,0,0,0,0,0,0,0.000,0,12.07,39,S. Guérard,S.,Guérard,S. Guérard,13,https://assets.leaguestat.com/lhjmq/logos/13.png,214,qmjhl,2026-27 | Regular Season,2026,2027,2026-10-09T14:57:13.188008+00:00
